start_hour,off_hours,session_duration,mean_dwell,dwell_var,interevent_entropy,burstiness,n_files,nav_speed,backtrack_rate,dir_entropy,search_to_open,cred_searches,fin_searches,infra_searches,honey_touches,honey_frac,failed_logins,hesitation,label,profile
12,0,708.4065131790895,568.8130462955183,0.0,0.8675632284814612,0.26455370898552855,1,0.084697132061562,0.3333333333333333,1.5607104090414063,1.0,0,0,1,0,0.0,1,0.0,0,easy_normal
11,0,685.934652528899,107.39175670587451,3030.9964226434645,1.4184836619456564,-0.03466407105639234,6,0.5248313358608645,0.0,1.0888999753452235,0.3333333333333333,0,0,2,0,0.0,1,0.0,0,easy_normal
11,0,354.9777052246003,103.06705121341538,5225.956821658851,1.0027182645175161,0.2194719225405578,3,0.5070740988821002,0.3333333333333333,1.310783678099714,0.0,0,0,0,0,0.0,2,0.0,0,easy_normal
14,0,493.8771726285112,82.83093226403784,714.8902250565601,1.2945451658448959,-0.050345273714102245,5,0.6074384819272799,0.09090909090909091,1.4142790651247086,0.4,0,0,2,0,0.0,2,0.0,0,easy_normal
11,0,388.65466967755503,131.65823491825412,2738.6884308357767,0.8018185525433372,0.19479824209111812,2,0.3087573863439162,0.5,1.3592367006650063,0.5,0,0,1,0,0.0,1,0.0,0,easy_normal
9,0,503.8753805341018,68.7710979735855,1196.3741283820834,1.7201934592198251,-0.09936510802002917,6,0.7144623728557732,0.18181818181818182,1.1685184057430877,0.0,0,0,0,0,0.0,1,0.0,0,easy_normal
13,0,1850.8291658375429,148.17907577751598,10172.69268142936,1.5247073930301438,-0.03668926644937876,7,0.22692531960935483,0.15384615384615385,1.1569876443452742,0.14285714285714285,0,0,1,0,0.0,0,0.0,0,easy_normal
23,1,789.6578808774395,11.129452191274819,81.28230464149017,1.5766422738283021,-0.020488472471613492,46,3.4951845183045434,0.0,1.649549203192249,0.32608695652173914,6,9,0,27,0.5869565217391305,7,10.54467794380939,1,A0
10,0,732.4325299629008,111.83089520038207,4250.35874359711,1.4241299173467734,0.05989677104149405,6,0.4915128496794574,0.25,1.1988493129136213,0.3333333333333333,0,0,2,0,0.0,0,0.0,0,easy_normal
14,0,825.0399106342384,125.70940716711054,2184.3338763251163,1.8343719702816235,-0.1180715260977406,6,0.4363425276278512,0.2,0.9502705392332347,0.0,0,0,0,0,0.0,0,0.0,0,easy_normal
14,0,1170.659898565314,154.81265237050314,14472.468268462142,1.3896811919839047,0.04182754750410854,7,0.3587720058701295,0.09090909090909091,1.0335620542068176,0.14285714285714285,0,0,1,0,0.0,0,0.0,0,easy_normal
15,0,1060.2278975301547,170.2201174219809,4335.485234275563,1.5571130980576458,-0.11651721605948455,5,0.2829580326068222,0.1,1.3592367006650063,0.4,0,0,2,0,0.0,1,0.0,0,easy_normal
11,0,736.7638874847139,91.76816397318733,4851.698422503504,1.5465986860485124,-0.05065274122377945,6,0.4886232972533811,0.0,1.1685184057430877,0.3333333333333333,0,0,2,0,0.0,1,0.0,0,easy_normal
4,1,1464.2613993606533,22.89299830045894,126.77064367331731,1.8655129113170645,-0.18180826559982194,48,1.9668619286539322,0.0,1.5720501830251443,0.4375,15,6,0,34,0.7083333333333334,4,23.666609168590405,1,A0
11,0,839.5077552099268,178.40671060598302,15365.350020152087,1.0888999753452235,0.1481269676698597,4,0.28588181408757296,0.3,1.4184836619456567,0.25,0,0,1,0,0.0,1,0.0,0,easy_normal
0,1,603.5098480268161,18.85242324422704,217.57920466493633,1.248256256586466,0.1052991893778218,25,2.48546068453443,0.0,1.7625018271466422,0.76,12,7,0,12,0.48,7,14.962047814078737,1,A0
17,0,262.6660207465907,10.285722801301251,40.8156636640748,1.743209036315682,-0.05026438742310793,15,3.4264043649112987,0.0,1.764500974604149,0.7333333333333333,7,2,2,12,0.8,5,10.786261735704642,1,A0
10,0,1360.6729812261494,209.6228367483071,22119.37620866599,1.6674619334292948,-0.13342702909258952,5,0.22047913358995314,0.0,0.9002560512685369,0.2,0,0,1,0,0.0,0,0.0,0,easy_normal
11,0,1208.662803516431,190.16558003125468,7917.451231363888,1.464816384890813,-0.10944418133437754,6,0.29784982126746323,0.0,0.8486855577264172,0.3333333333333333,0,0,2,0,0.0,0,0.0,0,easy_normal
11,0,908.7766950165708,215.12115846485182,1119.0881042760745,1.277034259466139,-0.0793039753612185,2,0.1320456396582792,0.42857142857142855,1.277034259466139,0.5,0,0,1,0,0.0,0,0.0,0,easy_normal
12,0,1078.5603516472595,211.89693441477516,16337.011527973349,1.3862943611198906,0.02542495039268564,5,0.2781485519487316,0.125,1.073542846408523,0.2,0,0,1,0,0.0,0,0.0,0,easy_normal
8,0,2039.7154519980352,172.6263847107068,7692.93070530689,1.660947433286918,-0.04938254050305879,7,0.20591107430626288,0.0,1.0751393240053735,0.14285714285714285,0,0,1,0,0.0,1,0.0,0,easy_normal
11,0,461.87378430670117,267.24776449131934,0.0,1.0397207708399179,0.005529729258470894,1,0.12990561932425632,0.25,1.3862943611198906,0.0,0,0,0,0,0.0,1,0.0,0,easy_normal
11,0,806.0269985116952,237.33774003403082,340.99577801357214,1.277034259466139,-0.03273463471301304,3,0.22331758158518836,0.0,1.277034259466139,0.6666666666666666,0,0,2,0,0.0,1,0.0,0,easy_normal
12,0,506.9838390245304,379.8851167466435,0.0,0.7356219397587946,0.3118203272658635,1,0.11834696765767498,0.5,1.3862943611198906,1.0,0,0,1,0,0.0,1,0.0,0,easy_normal
22,1,352.635732408195,12.415261206791685,75.27864243735995,1.480267018419363,0.009220006468725112,16,2.7223559945103575,0.0,1.7313924625862467,1.4375,13,10,0,7,0.4375,5,14.30870074357309,1,A0
1,1,471.921054550278,17.967801402297,269.1205476780335,1.0024945700537489,0.08694301696881847,16,2.0342385463493295,0.0,1.7508506884470552,0.875,11,2,1,6,0.375,11,13.084451013100674,1,A0
14,0,1667.9020247139954,222.51405534409517,25075.006678266574,0.9868994488385301,0.17488299795974857,7,0.251813352209354,0.25,1.2820462400528452,0.0,0,0,0,0,0.0,2,0.0,0,easy_normal
17,0,1442.0435778346414,187.86075782385183,11331.218216673591,1.6326309271543518,-0.022722126897312293,7,0.29125333412646787,0.08333333333333333,1.0751393240053733,0.0,0,0,0,0,0.0,1,0.0,0,easy_normal
15,0,904.8793045983426,320.0836127173704,95534.23967530014,0.7963116401738131,0.2556907178174581,2,0.1326143712097223,0.2857142857142857,1.5498260458782016,0.5,0,0,1,0,0.0,1,0.0,0,easy_normal
5,1,467.6436749526563,9.425433937981339,54.96296914441223,1.3953782773918049,-0.018524712891532753,32,4.105690085927878,0.0,1.6893654000391864,0.40625,9,4,0,19,0.59375,7,8.62242616950748,1,A0
12,0,1294.0617733488668,160.79397242273208,2076.288207868681,1.6052071074554588,-0.13546562086427483,6,0.27819382923920694,0.07692307692307693,1.4180693652516903,0.3333333333333333,0,0,2,0,0.0,2,0.0,0,easy_normal
21,1,715.071363746765,14.86816475238585,117.99163866762291,1.2943882268422617,0.009989571363846102,38,3.1884929471283345,0.0,1.6645539273469747,0.21052631578947367,4,3,1,18,0.47368421052631576,11,15.404857023654195,1,A0
10,0,1324.7052882874577,181.48133979702956,8266.190512608056,1.539654447440098,-0.018806795214647957,6,0.2717585588152955,0.25,1.198849312913621,0.16666666666666666,0,0,1,0,0.0,0,0.0,0,easy_normal
23,1,414.9590150394012,16.506974273852094,70.79581357629989,1.5105370312166295,0.009265431148649568,18,2.602666675159357,0.0196078431372549,1.8623147686078545,1.2777777777777777,14,7,2,11,0.6111111111111112,4,17.085501350878154,1,A0
10,0,790.719791599293,88.71825595823533,4231.966963436323,1.3624474851916286,0.03966431739181677,7,0.5311616130797953,0.13333333333333333,1.430280301911093,0.2857142857142857,0,0,2,0,0.0,2,0.0,0,easy_normal
9,0,252.98779198834293,11.910561154844427,57.047962541610744,1.628821058922209,-0.040604330074341916,14,3.320318318121474,0.029411764705882353,1.7782309816924813,0.9285714285714286,8,5,0,9,0.6428571428571429,2,12.216229375787256,1,A0
9,0,369.58882454019124,145.59130665198097,203.8861346301107,1.2554823251787537,0.1166139165163527,2,0.32468514206102705,0.375,1.3208883431493221,0.0,0,0,0,0,0.0,2,0.0,0,easy_normal
15,0,792.6862765914957,103.00744988291571,3274.711621413092,1.4680602034990462,0.044057631346956595,7,0.529843914803187,0.21428571428571427,1.1952684170869834,0.14285714285714285,0,0,1,0,0.0,0,0.0,0,easy_normal
10,0,931.2789139043463,155.6630242362451,9600.318723114147,1.6094379124341,0.028078601829794724,5,0.32213764911981424,0.2,1.2206072645530175,0.0,0,0,0,0,0.0,1,0.0,0,easy_normal
9,0,1113.0764465108311,131.97494576721735,3948.552625808518,1.7351264569629226,-0.3319060243611215,6,0.3234279200934443,0.0,0.8486855577264172,0.3333333333333333,0,0,2,0,0.0,0,0.0,0,easy_normal
14,0,1375.734190637479,196.22715432351745,17924.944141531465,1.3038755293363848,0.08241241878763421,6,0.26167845681961677,0.15384615384615385,1.3778195080390327,0.16666666666666666,0,0,1,0,0.0,1,0.0,0,easy_normal
3,1,576.4381698005088,10.628728434852386,66.83094578026304,1.270574161192601,-0.048040517462712116,36,3.7471495004356203,0.013157894736842105,1.78909585155699,0.3611111111111111,6,6,1,20,0.5555555555555556,10,11.915591398742025,1,A0
13,0,816.028597074424,261.416782768461,20373.197306998085,1.0549201679861442,0.000939723188198817,3,0.22058050495451387,0.0,0.9502705392332347,0.0,0,0,0,0,0.0,1,0.0,0,easy_normal
17,0,279.8246290643502,172.63237760304446,0.0,1.0549201679861442,0.05132313252120982,1,0.21442001084973128,0.2,1.6094379124341005,1.0,0,0,1,0,0.0,1,0.0,0,easy_normal
12,0,628.9531280767147,121.18786347963024,6558.706653982808,1.3030924037617193,0.0876107630225257,5,0.47698307967300285,0.3333333333333333,0.9368883075390159,0.0,0,0,0,0,0.0,0,0.0,0,easy_normal
12,0,808.312242075645,194.92947215646373,2137.7889023010925,1.5498260458782016,-0.18281641274987945,3,0.22268622276186545,0.0,1.277034259466139,0.6666666666666666,0,0,2,0,0.0,1,0.0,0,easy_normal
12,0,496.24660157985204,127.84067897610161,672.6159209989436,1.4270610433807247,0.01987990957989239,3,0.36272288702220123,0.3333333333333333,1.464816384890813,0.3333333333333333,0,0,1,0,0.0,1,0.0,0,easy_normal
3,1,1296.686084358946,22.07264414622161,216.0525098696441,1.470055065914453,-0.052215132344203774,46,2.128502829861466,0.0,1.690814418164143,0.2826086956521739,5,7,1,28,0.6086956521739131,12,23.251987765024804,1,A0
11,0,1374.7469128253908,136.563819571614,7741.772363690485,1.5792331346113395,0.038260496996801695,8,0.34915517577959143,0.11764705882352941,1.4161396803619404,0.25,0,0,2,0,0.0,2,0.0,0,easy_normal
8,0,568.3157897040267,92.25008142252706,297.2933840989798,1.8891591637540215,-0.28641263963184294,4,0.42230042583365435,0.2222222222222222,1.4270610433807247,0.25,0,0,1,0,0.0,1,0.0,0,easy_normal
10,0,2014.744094912547,425.49093323909244,107354.20836421939,1.2130075659799042,0.07971653475598922,4,0.11912182822921616,0.25,1.2130075659799042,0.25,0,0,1,0,0.0,0,0.0,0,easy_normal
15,0,218.15789788718257,40.1847663921217,0.0,0.9502705392332347,0.15282856858082386,1,0.2750301528438278,0.2,1.6094379124341005,1.0,0,0,1,0,0.0,1,0.0,0,easy_normal
10,0,1460.520681844269,177.10408685630878,8176.876722058354,1.310783678099714,-0.19085455608403587,5,0.2054061977548827,0.0,1.1490596969706202,0.4,0,0,2,0,0.0,1,0.0,0,easy_normal
11,0,1244.9903660947764,197.86735942635886,3964.2163911700104,1.8462202193216335,-0.10336419450678475,5,0.2409657200328586,0.18181818181818182,1.4142790651247086,0.4,0,0,2,0,0.0,1,0.0,0,easy_normal
20,1,268.81601950760546,4.775814782424301,19.048827910566896,1.4222763311883089,-0.0499947465972463,31,6.919230496035881,0.014492753623188406,1.8009961075747536,0.6451612903225806,14,5,1,19,0.6129032258064516,6,4.923987600443726,1,A0
8,0,409.73590878444,142.69340481948018,8146.73223516508,0.8018185525433372,0.23174837867188727,2,0.2928715727064366,0.3,1.5571130980576455,1.0,0,0,2,0,0.0,2,0.0,0,easy_normal
15,0,786.1879420300482,189.89632430279926,6882.71242008248,1.2275294114572126,0.09614273857126639,3,0.22895288820535023,0.3,1.5047882836811908,0.6666666666666666,0,0,2,0,0.0,1,0.0,0,easy_normal
22,1,800.8204774157407,15.591967261520107,113.86562158338003,1.47082604874022,-0.002897065818387122,40,2.996926362004172,0.0,1.7554433323624903,0.525,10,10,1,16,0.4,7,12.815208179095476,1,A0
13,0,1914.5424251203235,295.8396782073209,24701.64004969799,1.2206072645530175,-0.039968575249308906,6,0.18803448556506916,0.0,0.8979457248567797,0.16666666666666666,0,0,1,0,0.0,0,0.0,0,easy_normal
15,0,765.3283775865602,270.660441208114,2638.0986678858035,1.4750763110546947,0.0004079308654927995,2,0.15679544038131232,0.14285714285714285,1.5498260458782016,1.0,0,0,2,0,0.0,1,0.0,0,easy_normal
8,0,1615.0360289023538,157.4448272724583,11436.317411005191,1.6674619334292948,0.014803130860843616,8,0.2972069919246496,0.125,1.3535913521346064,0.125,0,0,1,0,0.0,2,0.0,0,easy_normal
2,1,1046.321027626274,16.854122208203673,104.18765893898035,1.7435033178969936,-0.08577223252500416,41,2.3510948695935654,0.0,1.7604514031486973,0.5121951219512195,12,8,1,23,0.5609756097560976,9,18.167714999519973,1,A0
2,1,842.8122232745528,16.442455154940063,56.51338701856372,1.9584607424247213,-0.15260085594575495,32,2.278087511047576,0.0,1.7477996731841143,0.5,10,5,1,20,0.625,7,16.09252269213891,1,A0
9,0,187.48924417254221,86.8433161917984,0.0,0.9502705392332347,-0.05309977933335845,1,0.3200183576652713,0.0,1.3321790402101223,2.0,0,0,2,0,0.0,1,0.0,0,easy_normal
15,0,843.8676528295956,170.20406708964168,4700.081209400888,1.4941751382893085,-0.12829094427042098,3,0.21330359019739303,0.0,1.320888343149322,0.6666666666666666,0,0,2,0,0.0,2,0.0,0,easy_normal
23,1,211.62551228960893,11.807971172720187,52.086679565302916,1.5513977643648993,0.02476877237732469,12,3.4022363003884046,0.03125,1.8788377093911202,1.0833333333333333,4,8,1,7,0.5833333333333334,2,11.171249229511476,1,A0
17,0,668.4598780431044,126.91211210763447,2648.4958451933176,1.4941751382893085,-0.09283744145240307,5,0.44879282938901394,0.125,0.9002560512685369,0.0,0,0,0,0,0.0,0,0.0,0,easy_normal
9,0,1559.8047986328475,197.52170104178524,27872.411716212435,1.2636544318820966,0.04560334557718206,7,0.26926446204558774,0.0,1.0335620542068176,0.14285714285714285,0,0,1,0,0.0,2,0.0,0,easy_normal
11,0,1153.5417287352861,152.0505496221366,20311.26535994372,1.4184836619456564,0.03503415557484418,6,0.312082338273705,0.1,1.0888999753452235,0.3333333333333333,0,0,2,0,0.0,0,0.0,0,easy_normal
14,0,734.10149197125,132.77189418967518,3140.180277884106,1.4142790651247086,0.03717679134070394,5,0.4086628392409657,0.18181818181818182,1.4142790651247086,0.2,0,0,1,0,0.0,1,0.0,0,easy_normal
14,0,709.4483105634877,116.42906565270518,3217.3140739005144,1.6094379124341003,9.296668336791096e-05,6,0.5074365456083273,0.0,1.0888999753452235,0.16666666666666666,0,0,1,0,0.0,1,0.0,0,easy_normal
11,0,754.865699858779,83.09485411361625,2590.123179245815,1.5867847075280475,-0.019106523341711805,7,0.5563903619923041,0.2,1.2680942586678274,0.0,0,0,0,0,0.0,2,0.0,0,easy_normal
13,0,421.2525496090352,386.61840926735874,0.0,0.5004024235381879,0.2846177937619536,1,0.14243237235165945,0.2,1.6094379124341005,1.0,0,0,1,0,0.0,1,0.0,0,easy_normal
11,0,461.2588361802229,236.20642957227128,0.0,1.3321790402101223,-0.025115466271544293,1,0.1300788088893257,0.4,1.3321790402101223,1.0,0,0,1,0,0.0,0,0.0,0,easy_normal
9,0,2525.017286393149,370.84727831700275,70942.71050349,1.2636256721237276,0.11716143353679573,6,0.1425732813553291,0.15384615384615385,1.4180693652516903,0.16666666666666666,0,0,1,0,0.0,2,0.0,0,easy_normal
9,0,536.2724192869345,82.75308380691742,3123.8017813341553,1.234267866079077,0.10301139961954243,6,0.6713006059097377,0.3333333333333333,1.1269287948006759,0.16666666666666666,0,0,1,0,0.0,0,0.0,0,easy_normal
1,1,720.4067933620584,11.200471935776656,66.12220772160752,1.143403212196363,-0.04946448649820003,48,3.9977413130147768,0.0,1.7013702097467898,0.4166666666666667,8,10,2,28,0.5833333333333334,4,11.039020008167379,1,A0
12,0,612.2683361140324,25.631244070790128,611.1008622714969,0.926714769454322,0.1375525291927175,15,1.4699437271444638,0.0,1.7570404076728372,1.4,12,8,1,11,0.7333333333333333,3,24.72996467677972,1,A0
5,1,729.6428985018459,11.735102405160836,71.61475321587643,1.3820815153738368,-0.00924752801805331,48,3.9471363401376456,0.0,1.650093816211926,0.3541666666666667,11,5,1,28,0.5833333333333334,5,11.718838961800254,1,A0
13,0,1319.7599234911581,161.6191369193364,12309.603190614705,1.5941666991180168,-0.09236486670185627,6,0.27277688433491204,0.0,0.9949236325717752,0.3333333333333333,0,0,2,0,0.0,0,0.0,0,easy_normal
14,0,1579.5796643094209,214.71865648488853,31303.174660286113,1.1786549963416462,0.1500768597321773,7,0.2658935218589437,0.07692307692307693,1.3038755293363848,0.2857142857142857,0,0,2,0,0.0,1,0.0,0,easy_normal
14,0,270.29046839955794,90.796161753854,654.6499467251224,1.2130075659799042,0.08414091944394202,2,0.44396682099277557,0.125,1.559581156259877,1.0,0,0,2,0,0.0,2,0.0,0,easy_normal
19,1,1295.971654036913,19.279622162552624,201.69607556115784,1.5873506277998586,-0.08433460564875021,41,1.8981896651343984,0.0,1.6480036891560987,0.2926829268292683,6,6,0,23,0.5609756097560976,8,23.637390076269032,1,A0
12,0,985.7270941308119,138.32353262655093,10883.995159919263,1.540305825226517,0.08034509698086932,7,0.42608142000027394,0.09090909090909091,1.1595888143086257,0.14285714285714285,0,0,1,0,0.0,1,0.0,0,easy_normal
13,0,1301.1411901946447,172.4566324584072,12177.444072688062,1.4677339293271525,0.024700300265893364,7,0.32279356242435914,0.08333333333333333,1.0751393240053733,0.0,0,0,0,0,0.0,1,0.0,0,easy_normal
13,0,1040.015719081853,143.2210740179017,14040.952129275245,1.7480673485460891,-0.028008699334966733,4,0.23076574285999918,0.1,1.4708084763221114,0.5,0,0,2,0,0.0,1,0.0,0,easy_normal
10,0,868.2455943771505,104.35699450279364,2368.793092434764,1.631345420808597,-0.08594493542346983,7,0.4837340986467009,0.15384615384615385,1.3038755293363848,0.2857142857142857,0,0,2,0,0.0,1,0.0,0,easy_normal
13,0,288.5641973254316,89.10550363473472,27.04738638178419,1.3296613488547582,-0.07184111920717276,3,0.6237780073492725,0.16666666666666666,1.2424533248940002,0.3333333333333333,0,0,1,0,0.0,0,0.0,0,easy_normal
11,0,1008.7414668317728,14.936985160699328,97.90386534733784,1.6324819155983852,-0.08706846787041674,48,2.8550427385972585,0.011363636363636364,1.7265283637273083,0.2916666666666667,5,8,1,23,0.4791666666666667,8,14.27800703250154,1,A0
19,1,472.18366296872443,11.279337907604424,91.56457750745938,1.2849519164064085,0.07104363458405294,23,2.922591585070163,0.015625,1.876872068355572,0.6956521739130435,10,4,2,13,0.5652173913043478,11,10.122128226335887,1,A0
12,0,605.4369024809777,249.39720131168056,1173.300503283654,1.242453324894,0.03576533334354328,2,0.19820397387120006,0.0,1.3296613488547582,1.0,0,0,2,0,0.0,1,0.0,0,easy_normal
8,0,460.2124710247458,84.43804868326443,5989.6606160257215,1.2148896539491205,0.08552177857501074,4,0.5214982537643903,0.2222222222222222,1.2730283365896256,0.5,0,0,2,0,0.0,0,0.0,0,easy_normal
13,0,178.37791676057657,156.23890465839736,0.0,0.5623351446188083,0.18423766306456976,1,0.33636450682700564,0.25,1.3862943611198906,0.0,0,0,0,0,0.0,1,0.0,0,easy_normal
10,0,782.2902763372515,78.31240899052862,3300.2777248446587,1.235144651532666,-0.0021262542330451983,7,0.5368851086408426,0.26666666666666666,1.2105578441774711,0.0,0,0,0,0,0.0,1,0.0,0,easy_normal
14,0,706.1458365972031,239.07860248387806,2733.620120756006,1.0114042647073516,-0.018119679258085886,2,0.16993656802999735,0.16666666666666666,1.5607104090414063,0.5,0,0,1,0,0.0,1,0.0,0,easy_normal
14,0,945.5319281684549,312.57806594176117,16190.079983136151,1.0027182645175161,0.1589268348730883,2,0.1269126894873305,0.4444444444444444,1.4270610433807247,0.5,0,0,1,0,0.0,1,0.0,0,easy_normal
16,0,1224.573120262497,155.63041915829587,3546.508486038093,1.8343719702816235,-0.15041138927336087,5,0.24498332932188857,0.2,1.2206072645530175,0.4,0,0,2,0,0.0,0,0.0,0,easy_normal
9,0,659.3351362688088,316.06330404495634,13179.25157506527,1.0397207708399179,0.02086120794573324,2,0.1820015245647039,0.0,1.0397207708399179,0.5,0,0,1,0,0.0,0,0.0,0,easy_normal
1,1,989.0258600910354,13.583618459450056,50.45046653431482,1.6787943931762104,-0.17766948985547693,48,2.9119562149112146,0.0,1.6015702324932433,0.25,9,3,0,21,0.4375,8,13.808624546912714,1,A0
15,0,1238.818515165772,158.95013529498496,22540.023754152564,1.2342678660790765,0.1308643507038394,7,0.3390327112957284,0.16666666666666666,1.1187433359857524,0.0,0,0,0,0,0.0,1,0.0,0,easy_normal
11,0,822.9784049669726,97.58629804201588,1877.362476233727,1.5740973368489726,-0.06403056284585235,7,0.5103414591016581,0.14285714285714285,1.3690391777047681,0.2857142857142857,0,0,2,0,0.0,1,0.0,0,easy_normal
17,0,341.00230219690627,135.41909168937343,97.89192853082488,1.3862943611198906,-0.2314310224821152,2,0.3519037825460426,0.0,1.0397207708399179,0.5,0,0,1,0,0.0,0,0.0,0,easy_normal
1,1,926.3251548869503,14.915836463767945,83.88430485726637,1.4197213268668876,-0.0476003466827092,41,2.655654968476184,0.011764705882352941,1.7537532378476897,0.3170731707317073,5,7,1,22,0.5365853658536586,10,14.399016655682571,1,A0
13,0,361.09894897570894,8.137147501946195,37.31049304641849,1.4559428900106908,-0.054091120106683245,26,4.320145501461819,0.0,1.729515974298237,0.46153846153846156,8,4,0,13,0.5,9,6.707293491252363,1,A0
12,0,705.4941318779889,13.174474734771742,99.85208504105725,1.5492304471058587,-0.026831557369793455,44,3.742058056489366,0.0,1.5781237384637117,0.3181818181818182,10,4,0,23,0.5227272727272727,3,13.27194687486982,1,A0
10,0,416.3330692801758,88.5760870064606,4359.258456794367,1.4750763110546947,0.012611394873374093,4,0.5764615345472099,0.0,0.9556998911125343,0.0,0,0,0,0,0.0,2,0.0,0,easy_normal
15,0,449.46429584150087,114.42740415696238,835.1162179732543,1.15374194270109,0.010475396364134982,2,0.2669844993479011,0.2857142857142857,1.5498260458782016,0.5,0,0,1,0,0.0,1,0.0,0,easy_normal
13,0,478.2122736768065,104.97414808391117,3977.770926445272,1.4941751382893085,0.04362004591508821,4,0.5018691765368634,0.125,1.3862943611198906,0.25,0,0,1,0,0.0,1,0.0,0,easy_normal
13,0,912.6523705233132,20.037031490635332,154.00847333367585,1.6120475637436154,-0.07603796586438764,29,1.9065309598684188,0.015151515151515152,1.7841146727428892,0.7586206896551724,13,9,0,18,0.6206896551724138,7,20.8205049926487,1,A0
17,0,1107.3226304877085,107.81345505139662,1970.1551074866534,1.818483163012365,-0.14329221486895716,7,0.3792932506174966,0.07692307692307693,1.2636256721237273,0.14285714285714285,0,0,1,0,0.0,1,0.0,0,easy_normal
8,0,490.32900361151974,11.554266980549036,59.395145756497016,1.5581514913367576,-0.02400286386965073,28,3.4262709071377686,0.0,1.8060594901015985,0.5357142857142857,5,8,2,18,0.6428571428571429,11,11.9558763592375,1,A0
22,1,756.3173704623484,11.807720761590229,184.32670713892227,0.620901933960824,0.16589835266425415,50,3.966588785559763,0.0,1.6540029240603196,0.28,10,4,0,24,0.48,12,13.740608739338526,1,A0
0,1,504.78263800446547,12.771032258218009,115.10893971634842,1.481031313739052,-0.014058272623201274,29,3.4470282236304004,0.0,1.638667530320135,0.3103448275862069,5,3,1,16,0.5517241379310345,2,14.043635849708835,1,A0
17,0,1168.5965177334097,218.78595243572826,35454.64290667175,1.2275294114572126,0.17922238089042525,5,0.25671820465619305,0.1,1.3592367006650066,0.2,0,0,1,0,0.0,1,0.0,0,easy_normal
15,0,273.8151083610174,51.4704794352896,445.385619803059,1.7677614722893296,-0.023399206943914216,3,0.657377896630434,0.36363636363636365,1.4681399390162087,0.3333333333333333,0,0,1,0,0.0,2,0.0,0,easy_normal
17,0,806.6818697983108,367.0546712871659,21323.721988616242,0.9502705392332347,0.08688966804481273,2,0.14875752696661299,0.4,1.0549201679861442,0.0,0,0,0,0,0.0,0,0.0,0,easy_normal
15,0,515.0843451541801,116.33687207558319,5974.104664632461,1.5498260458782016,0.02331362540577566,4,0.4659431067122819,0.0,1.15374194270109,0.25,0,0,1,0,0.0,1,0.0,0,easy_normal
9,0,922.0465303504797,148.79732398265398,3001.901780191435,1.5810937501718234,-0.10628607648660739,4,0.26029055161540865,0.1111111111111111,1.4270610433807247,0.5,0,0,2,0,0.0,1,0.0,0,easy_normal
12,0,448.2923866647425,77.9356911854845,2615.8758804182435,1.4750763110546947,-0.07884916363134926,4,0.535364880464689,0.14285714285714285,1.1537419427010902,0.25,0,0,1,0,0.0,0,0.0,0,easy_normal
8,0,648.8934248809022,232.28219532382718,23537.081844180568,1.329661348854758,0.09299511415112156,2,0.18493021411339586,0.16666666666666666,1.5607104090414063,0.5,0,0,1,0,0.0,1,0.0,0,easy_normal
14,0,366.16545048203244,108.80620729904868,5841.267449158186,1.2554823251787537,0.10053853857545468,2,0.32772070615080695,0.375,1.3208883431493221,0.0,0,0,0,0,0.0,2,0.0,0,easy_normal
13,0,1241.500980995099,120.66651398959286,4721.330800701266,1.6715952780212544,-0.14547542249948603,8,0.3866287722263949,0.15384615384615385,0.9251290835720822,0.0,0,0,0,0,0.0,0,0.0,0,easy_normal
1,1,754.1302525298892,13.847326660883823,162.6886374078979,1.2613703923724722,-0.05008469136181593,32,2.5459792834977173,0.031746031746031744,1.7095638939576543,0.3125,4,5,1,17,0.53125,2,13.280195631794555,1,A0
14,0,705.5895094091244,99.66011446502424,4235.926359788292,1.6674619334292948,-0.10797345858663639,5,0.42517638938711877,0.125,1.073542846408523,0.2,0,0,1,0,0.0,0,0.0,0,easy_normal
10,0,283.4379499205521,53.92183797262454,473.46750840285677,1.7328679513998633,-0.1344393206362991,4,0.8467461751938024,0.125,1.2130075659799042,0.25,0,0,1,0,0.0,0,0.0,0,easy_normal
23,1,706.589857515381,20.658561854659506,280.69877946151155,1.3928885947007557,0.02038259559265067,23,1.9530424691525665,0.02,1.8771835623176685,0.5217391304347826,7,3,2,11,0.4782608695652174,7,19.968163353818404,1,A0
13,0,733.162690458057,142.14485608481752,3911.9012019574275,1.6769877743224173,-0.05033721440955777,3,0.2455116747519458,0.3333333333333333,1.464816384890813,0.3333333333333333,0,0,1,0,0.0,1,0.0,0,easy_normal
2,1,745.2636203596987,26.647405720842464,695.3179432000854,1.0473494752474797,0.11443573733306048,21,1.6906769169704885,0.0,1.6913719129576226,0.6666666666666666,9,3,2,16,0.7619047619047619,2,26.49523084029251,1,A0
12,0,567.2639528893526,87.76201179347876,1332.7568938585248,1.8891591637540217,-0.18349655511491514,5,0.5288543339867682,0.1111111111111111,1.1490596969706202,0.0,0,0,0,0,0.0,1,0.0,0,easy_normal
13,0,293.7129708385037,107.03903940381095,6891.282889215161,0.3250829733914482,0.29631944598022825,2,0.4085621403011898,0.5,1.2206072645530173,0.0,0,0,0,0,0.0,2,0.0,0,easy_normal
13,0,843.1032290018322,205.741360376028,8318.077806940424,1.5607104090414063,-0.08452811839644357,4,0.2846626507220724,0.16666666666666666,0.8675632284814612,0.0,0,0,0,0,0.0,0,0.0,0,easy_normal
9,0,1079.3529799811524,247.01050156446826,36822.193820557375,1.1490596969706204,0.17763106410705906,4,0.22235543371936664,0.2222222222222222,1.2730283365896256,0.5,0,0,2,0,0.0,0,0.0,0,easy_normal
13,0,1020.2487579393278,163.46400300530726,6091.4534266826095,1.540305825226517,-0.04330661463703819,5,0.29404593503836485,0.18181818181818182,1.4142790651247086,0.4,0,0,2,0,0.0,1,0.0,0,easy_normal
9,0,1261.901347155432,165.62988695403618,11985.253176903567,1.2711814802605796,0.06114307547595179,7,0.3328310893294161,0.07692307692307693,1.2636256721237273,0.14285714285714285,0,0,1,0,0.0,1,0.0,0,easy_normal
13,0,1021.9835327263621,213.97078822218674,10472.421232088622,1.3667110520552042,0.0978888635730861,4,0.23483744337812182,0.18181818181818182,1.515707952085713,0.5,0,0,2,0,0.0,2,0.0,0,easy_normal
23,1,641.1027099572887,11.079217361407407,87.59204899563815,1.3787484696498602,0.05302260550892937,48,4.492259906672162,0.011627906976744186,1.552477469189691,0.16666666666666666,4,3,1,22,0.4583333333333333,3,11.964434812600997,1,A0
15,0,590.6304926860126,177.6321582088357,7033.885193836493,1.0735428464085233,0.13012973847338125,3,0.3047590705678152,0.125,1.4941751382893083,0.6666666666666666,0,0,2,0,0.0,1,0.0,0,easy_normal
11,0,1516.5641841470247,249.0990595080163,49806.71572527832,1.1682824501765625,0.108018094148011,5,0.19781556437634837,0.2,1.2206072645530175,0.2,0,0,1,0,0.0,0,0.0,0,easy_normal
15,0,887.6464403164741,107.1655953600052,10364.177737915632,1.0317671113505356,0.11642168005129522,7,0.4731613634931681,0.07692307692307693,1.2636256721237273,0.14285714285714285,0,0,1,0,0.0,1,0.0,0,easy_normal
11,0,840.0132656692622,145.54986189821352,1600.6722345131252,1.5498260458782016,-0.014954006623029115,2,0.14285488682657008,0.14285714285714285,1.5498260458782016,1.0,0,0,2,0,0.0,1,0.0,0,easy_normal
14,0,1856.397908215284,192.91575106826198,31026.059757019866,1.2260760503661696,0.13962197061665677,7,0.22624459882298747,0.16666666666666666,1.4884287536677832,0.2857142857142857,0,0,2,0,0.0,2,0.0,0,easy_normal
9,0,1446.1136847502523,130.47070277084936,5608.609581449289,1.710493230055004,-0.16549458206654788,8,0.3319241115423766,0.0,1.0547209169068121,0.125,0,0,1,0,0.0,1,0.0,0,easy_normal
10,0,1083.6187474032124,95.79946070318131,4477.732426541988,1.5472867333409475,-0.05611053537428797,8,0.44296022115737066,0.0,1.194453006323357,0.25,0,0,2,0,0.0,2,0.0,0,easy_normal
11,0,409.6898305041065,70.43795191935064,1214.518778322839,1.6957425341696346,-0.02274244725979023,5,0.7322612807617468,0.0,1.2206072645530175,0.2,0,0,1,0,0.0,2,0.0,0,easy_normal
13,0,836.8351314640172,85.17745733251678,5211.648280591212,1.539654447440098,0.004598786302037563,6,0.4301922642399001,0.08333333333333333,1.3579778549873245,0.16666666666666666,0,0,1,0,0.0,2,0.0,0,easy_normal
8,0,948.9204876478317,101.71928103827074,7428.847783294042,1.1709971261162124,0.041594817179412075,7,0.4426082116122174,0.21428571428571427,1.3316643102930148,0.2857142857142857,0,0,2,0,0.0,1,0.0,0,easy_normal
11,0,563.6136762840692,102.21213195315966,1372.40886224807,1.4735023850806486,0.016791819381291574,4,0.4258235917593962,0.25,1.5171063970610277,0.25,0,0,1,0,0.0,2,0.0,0,easy_normal
14,0,1829.8364457553362,193.59380924616852,22061.464284759728,1.249343231067561,0.07973968411198691,8,0.26231852639805814,0.0625,1.2996509635498974,0.25,0,0,2,0,0.0,1,0.0,0,easy_normal
12,0,2004.3419621309995,334.1871728304712,59594.41487001571,1.072016968563193,0.16052655881056516,5,0.14967505828249114,0.15384615384615385,1.519382664642301,0.4,0,0,2,0,0.0,2,0.0,0,easy_normal
8,0,508.2602690384172,8.530244429203497,44.301694034171284,1.6117399548272147,-0.018472643582515956,37,4.367840917803865,0.0,1.6558532598841036,0.40540540540540543,12,3,0,24,0.6486486486486487,9,7.917096270804529,1,A0
13,0,736.20894523273,14.33662945415011,100.31511880264559,1.493230561655747,-0.017221357277531175,42,3.422941294476365,0.0,1.6270001856051208,0.2857142857142857,7,3,2,27,0.6428571428571429,4,15.447727418368972,1,A0
11,0,563.632074122379,96.14939562431515,11961.828873158338,0.639031859650177,0.21574812056457135,5,0.5322621152586542,0.2,1.3592367006650063,0.2,0,0,1,0,0.0,1,0.0,0,easy_normal
17,0,476.5177391601185,292.7433303785642,0.0,1.242453324894,0.1199484095130301,1,0.1259134656891313,0.16666666666666666,1.5607104090414063,2.0,0,0,2,0,0.0,1,0.0,0,easy_normal
10,0,431.4734936234859,92.00436140117664,946.6035608050151,1.242453324894,-0.27284645202724506,4,0.5562334733114098,0.0,0.8675632284814612,0.25,0,0,1,0,0.0,0,0.0,0,easy_normal
9,0,974.4837005083937,225.49453925844645,48625.30479371306,0.8855741515766717,0.3111220170992197,4,0.2462842630151645,0.2727272727272727,1.3421131789144003,0.5,0,0,2,0,0.0,0,0.0,0,easy_normal
12,0,1180.9193638332058,213.6288283154338,10524.676033235282,1.7328679513998633,-0.09892716881430498,5,0.25403936050825254,0.0,0.9002560512685369,0.2,0,0,1,0,0.0,0,0.0,0,easy_normal
15,0,1293.7932621280704,160.15874904426343,24280.173118962535,1.0805738483648537,0.1981829990251926,7,0.3246268258571476,0.2,1.2105578441774711,0.0,0,0,0,0,0.0,1,0.0,0,easy_normal
12,0,664.4221974102292,88.11135833845422,2736.846746460652,1.242453324894,0.0038924745535536508,7,0.6321281884275798,0.16666666666666666,1.2342678660790765,0.14285714285714285,0,0,1,0,0.0,1,0.0,0,easy_normal
13,0,420.11037526063313,90.14760367708087,486.6078339221709,1.351783994289646,-0.21315063733153158,4,0.5712784404600955,0.0,0.9556998911125343,0.0,0,0,0,0,0.0,1,0.0,0,easy_normal
12,0,593.6920882823595,114.49726205338719,2232.960481959655,1.540305825226517,0.00924355362400141,4,0.40424995504716277,0.2727272727272727,1.4681399390162084,0.25,0,0,1,0,0.0,2,0.0,0,easy_normal
14,0,490.362945518989,100.35401234876865,2432.411177323449,1.6094379124341,0.04180625538204642,4,0.48943339253741824,0.4,1.1935496040981333,0.0,0,0,0,0,0.0,1,0.0,0,easy_normal
11,0,385.25510003732205,11.660930485009272,50.80779966771493,1.6366073414287658,-0.07946427693272923,18,2.8033373208956185,0.0,1.8496584480669456,1.1111111111111112,10,8,2,12,0.6666666666666666,6,9.34113243771345,1,A0
12,0,782.8621373832318,116.54400125210452,16799.091985707237,1.2130075659799042,0.056834403211677036,4,0.30656738720589527,0.125,1.2130075659799042,0.5,0,0,2,0,0.0,0,0.0,0,easy_normal
19,1,881.8196538228374,16.236519588798394,139.52720034369722,1.501166789911734,-0.05612330717885488,41,2.7896860648722037,0.0,1.6848789758947817,0.2682926829268293,5,5,1,23,0.5609756097560976,8,16.536799921696662,1,A0
12,0,128.11186915217206,20.183490313633374,73.32189371305635,1.4941751382893085,-0.14320901127983196,3,1.405022041995148,0.25,1.4941751382893083,0.3333333333333333,0,0,1,0,0.0,1,0.0,0,easy_normal
9,0,585.03062548076,81.18351331630879,1753.1336571633,1.2798542258336674,-0.12116933280383332,5,0.5127936674314602,0.1,1.3592367006650066,0.2,0,0,1,0,0.0,1,0.0,0,easy_normal
14,0,500.895424079435,215.9296069244255,601.5694685484226,1.15374194270109,0.12941981713127304,2,0.23957096477880718,0.14285714285714285,1.5498260458782016,1.0,0,0,2,0,0.0,1,0.0,0,easy_normal
5,1,319.7828047305873,9.007728903635812,81.56805354706987,1.1402245901988708,0.10591424789794837,26,4.878311081530099,0.0,1.6532394032063904,0.5384615384615384,11,2,1,18,0.6923076923076923,3,10.446049222914318,1,A0
11,0,348.67368823894583,70.42156158267423,1339.9245210439676,1.5498260458782016,-0.21260826148487755,3,0.5162419937940546,0.0,1.277034259466139,0.3333333333333333,0,0,1,0,0.0,2,0.0,0,easy_normal
9,0,1680.8184787814293,254.51167389703005,51819.50198691451,0.7937300551584247,0.19936158959369443,6,0.21418136731873338,0.3076923076923077,1.2047933096947843,0.16666666666666666,0,0,1,0,0.0,0,0.0,0,easy_normal
17,0,791.0834524910682,128.22996291644927,17748.84800176294,1.0888999753452235,0.15216149606028312,5,0.3792267415723592,0.1,1.2206072645530175,0.4,0,0,2,0,0.0,0,0.0,0,easy_normal
14,0,448.72437728778306,126.64679323349692,7266.156438891056,1.242453324894,0.03432450394448216,3,0.40113711024119275,0.0,1.2424533248940002,0.3333333333333333,0,0,1,0,0.0,1,0.0,0,easy_normal
5,1,367.7406259499893,9.390783133119628,53.23920388226607,1.3150245495715407,0.03822411538484119,22,3.5894864664191677,0.0,1.737243787891617,0.9545454545454546,13,8,0,15,0.6818181818181818,6,9.14771861527552,1,A0
8,0,776.1464325648732,85.70573955211614,2915.2737301836955,1.4142790651247086,-0.023730401159149424,6,0.4638300002363406,0.09090909090909091,1.1685184057430877,0.0,0,0,0,0,0.0,2,0.0,0,easy_normal
13,0,522.1232131785722,81.1602907835058,3317.860073650844,1.6769877743224175,-0.07344714474867944,4,0.45966161615173623,0.1111111111111111,1.4270610433807247,0.5,0,0,2,0,0.0,1,0.0,0,easy_normal
12,0,774.0860570578086,94.5412744225871,1707.3523610252935,1.6769877743224173,-0.32810994985403,7,0.5425753327690211,0.0,0.6837389058487535,0.14285714285714285,0,0,1,0,0.0,0,0.0,0,easy_normal
13,0,1087.4847431414703,194.75752628315067,6808.0891449617575,1.2882523050229002,-0.02513495493188892,4,0.22069275133617072,0.09090909090909091,1.515707952085713,0.5,0,0,2,0,0.0,2,0.0,0,easy_normal
11,0,378.2832392651607,139.7605192335336,0.0,1.4750763110546947,-0.010336011953990426,1,0.1586113096539879,0.2857142857142857,1.5498260458782016,2.0,0,0,2,0,0.0,1,0.0,0,easy_normal
15,0,519.2426144698813,109.3492793372451,2840.291730654454,1.7328679513998633,-0.03990325158447943,4,0.46221167776267175,0.0,1.2130075659799042,0.25,0,0,1,0,0.0,1,0.0,0,easy_normal
14,0,569.5307629919348,100.22359176618117,3874.838226982973,1.1187433359857524,0.11832930660786811,5,0.5267494216185972,0.3333333333333333,1.2366848691405041,0.0,0,0,0,0,0.0,2,0.0,0,easy_normal
10,0,1974.311622011721,171.89596478210618,5744.183497333734,1.809514255849282,-0.14374170591317476,7,0.212732374827456,0.14285714285714285,1.3690391777047681,0.2857142857142857,0,0,2,0,0.0,1,0.0,0,easy_normal
15,0,923.7107068580497,163.72711645407236,26978.931714455623,1.15374194270109,0.053390042855815834,4,0.25982160671964777,0.0,1.1537419427010902,0.25,0,0,1,0,0.0,1,0.0,0,easy_normal
14,0,1112.6155634325717,183.1766607521774,11492.018645774939,1.4978661367769952,0.012339265914116547,5,0.2696349124170606,0.1,1.2206072645530175,0.0,0,0,0,0,0.0,2,0.0,0,easy_normal
13,0,878.682605305223,164.5855145654739,11969.256575371082,1.4270610433807247,0.0639791225685876,5,0.34142021042489024,0.0,1.1490596969706202,0.4,0,0,2,0,0.0,1,0.0,0,easy_normal
13,0,373.7438966542244,9.214697431572466,44.469826365384144,1.6212225162585614,-0.03442170115225943,23,3.692367988758706,0.0,1.745246823776768,0.782608695652174,14,3,1,13,0.5652173913043478,5,9.616419665142077,1,A0
12,0,931.5574149416937,392.0850402928435,78260.43397903936,0.7356219397587946,0.292578254505054,2,0.12881653677514962,0.125,1.559581156259877,1.0,0,0,2,0,0.0,2,0.0,0,easy_normal
11,0,1147.9871369912514,123.09843741660661,8495.797274248605,1.5832584594204766,0.019516318781820294,5,0.2613269699051395,0.25,1.4241299173467734,0.2,0,0,1,0,0.0,1,0.0,0,easy_normal
9,0,1254.7971512558993,182.4407198182373,19112.17192770929,1.3579778549873243,0.09332458581335419,6,0.28689896182796065,0.16666666666666666,1.198849312913621,0.16666666666666666,0,0,1,0,0.0,0,0.0,0,easy_normal
17,0,739.7683782622315,119.79413352299032,4721.414313177927,1.4735023850806486,0.057883372300060784,5,0.40553233797951904,0.16666666666666666,1.4677339293271523,0.2,0,0,1,0,0.0,2,0.0,0,easy_normal
21,1,818.9227348737595,15.07288769137953,144.7180015253417,1.3272461524162442,0.03304738648673369,39,2.8574124277557407,0.0,1.7638247519865116,0.5384615384615384,12,7,2,18,0.46153846153846156,5,12.836201834226634,1,A0
13,0,771.3884641339192,105.86930314650658,4201.625131037133,1.5247073930301436,0.02944002465769392,6,0.4666909303656648,0.15384615384615385,1.4180693652516905,0.3333333333333333,0,0,2,0,0.0,2,0.0,0,easy_normal
12,0,1646.03531380121,203.84506058318422,15560.365964221834,1.6052071074554588,-0.032669925608862234,6,0.21870733694567432,0.15384615384615385,1.2711814802605796,0.3333333333333333,0,0,2,0,0.0,0,0.0,0,easy_normal
12,0,963.3916336833219,282.08489224769954,36249.3791509783,1.0027182645175161,0.21816921301936437,3,0.18683990363483693,0.3333333333333333,1.464816384890813,0.3333333333333333,0,0,1,0,0.0,1,0.0,0,easy_normal
11,0,766.7257073047933,118.1819170235451,8314.7189945591,1.159588814308626,0.10440518167665758,6,0.4695290591800787,0.09090909090909091,1.294545165844896,0.3333333333333333,0,0,2,0,0.0,1,0.0,0,easy_normal
12,0,407.51819093869415,161.60005417275045,3534.140401810504,0.6837389058487535,0.20489678500133088,2,0.2944653825724615,0.5555555555555556,1.1490596969706202,0.0,0,0,0,0,0.0,1,0.0,0,easy_normal
10,0,1014.9357859774364,105.73552098856058,3291.1080811532984,1.863679987341,-0.15907796282819608,8,0.4729363242796044,0.0,0.8239592165010823,0.0,0,0,0,0,0.0,1,0.0,0,easy_normal
11,0,1221.4224971853307,229.71017911225417,29828.70127590876,1.0888999753452235,0.14391082751330245,5,0.24561525654826705,0.2,1.3592367006650063,0.2,0,0,1,0,0.0,1,0.0,0,easy_normal
12,0,1157.617569995696,154.1143293899802,10870.80232841556,1.5229550675313184,-0.10538218951624634,7,0.36281412003928165,0.0,0.6837389058487535,0.14285714285714285,0,0,1,0,0.0,0,0.0,0,easy_normal
16,0,755.4352846882186,202.579265101633,18977.066537204486,0.8855741515766717,0.23055675130010864,3,0.23827322293303937,0.2727272727272727,1.5465986860485126,0.6666666666666666,0,0,2,0,0.0,2,0.0,0,easy_normal
16,0,197.83742668527861,75.70835846031764,0.0,1.0114042647073518,0.01345110664922966,1,0.3032793188088141,0.16666666666666666,1.5607104090414063,1.0,0,0,1,0,0.0,2,0.0,0,easy_normal
19,1,541.8408516807118,14.60224754370698,75.2212286321111,1.5489477318531837,-0.09654898792606732,23,2.5468733037005977,0.017857142857142856,1.8677523328019368,0.5217391304347826,7,3,2,13,0.5652173913043478,11,13.867787065443924,1,A0
13,0,394.85252403907964,49.50563862466894,550.0049632665667,1.5498260458782016,-0.0993665179879458,3,0.4558664033820002,0.14285714285714285,1.4750763110546947,0.3333333333333333,0,0,1,0,0.0,1,0.0,0,easy_normal
23,1,372.95725211888015,7.3220722384201995,26.667723431075732,1.4767031966614474,-0.05678011641466513,37,5.952424808439909,0.015384615384615385,1.7339779233336243,0.3783783783783784,8,5,1,22,0.5945945945945946,4,7.0661723159113174,1,A0
15,0,489.6440843356296,101.07984151648138,3551.8334994718407,1.7478680974667573,-0.06624694716972908,3,0.36761395829836657,0.2857142857142857,1.277034259466139,0.3333333333333333,0,0,1,0,0.0,0,0.0,0,easy_normal
14,0,1066.4963164354983,128.60374375389262,11863.158433803193,1.1595697967390537,0.13959738010093584,7,0.3938128932350622,0.13333333333333333,1.3378606778364337,0.14285714285714285,0,0,1,0,0.0,1,0.0,0,easy_normal
11,0,794.8025701723859,142.37037081316103,4577.660365741138,1.4941751382893085,-0.1589738879149215,4,0.301961781462214,0.25,1.2130075659799042,0.25,0,0,1,0,0.0,0,0.0,0,easy_normal
16,0,374.17997023067494,80.24878041659326,5196.16563024376,1.277034259466139,0.026199320373778555,3,0.48105193842693766,0.14285714285714285,1.277034259466139,0.6666666666666666,0,0,2,0,0.0,0,0.0,0,easy_normal
1,1,561.910715802479,11.610158168104142,74.08281325330876,1.6096129307900786,-0.026405995673777716,40,4.271141184009099,0.0,1.5969944385965955,0.275,6,4,1,22,0.55,2,11.576315990263593,1,A0
12,0,365.2921982493734,69.1043340930072,256.7767765580521,1.8891591637540217,-0.22402936161460552,3,0.4927562123216212,0.3333333333333333,1.310783678099714,0.6666666666666666,0,0,2,0,0.0,0,0.0,0,easy_normal
16,0,346.98615887709536,76.58700592915666,2675.8989043677893,1.277034259466139,0.017649183321377583,2,0.3458351203066424,0.14285714285714285,1.5498260458782016,0.5,0,0,1,0,0.0,2,0.0,0,easy_normal
14,0,1701.6241972707485,203.89972659289765,26155.03011632978,1.1699929969668565,0.11533856929458541,7,0.24682300632163204,0.2,1.2105578441774711,0.14285714285714285,0,0,1,0,0.0,0,0.0,0,easy_normal
10,0,1796.053029069318,203.30521512106864,20970.665209372633,1.5832584594204766,-0.0028477911776429972,7,0.23384610209289666,0.0,1.1187433359857524,0.14285714285714285,0,0,1,0,0.0,2,0.0,0,easy_normal
10,0,1754.9077797702992,211.50909391280135,7918.514633367549,1.7480673485460891,-0.2826875705102125,7,0.23932881536086986,0.1,0.8018185525433373,0.0,0,0,0,0,0.0,0,0.0,0,easy_normal
10,0,1148.954906661887,186.82479293539814,73837.94704372807,0.7356219397587946,0.2645495537122046,6,0.31332822368627594,0.0,0.7356219397587946,0.16666666666666666,0,0,1,0,0.0,0,0.0,0,easy_normal
10,0,971.6728063868638,406.4401797900923,2764.306116004189,0.7963116401738131,0.10887557398559286,2,0.123498362011608,0.2857142857142857,1.5498260458782016,0.5,0,0,1,0,0.0,1,0.0,0,easy_normal
1,1,905.9708579329813,16.182139029155312,136.70004887890542,1.6685880431181594,-0.055167151880665115,47,3.1126829028849494,0.013513513513513514,1.6016532614429875,0.1702127659574468,4,3,1,26,0.5531914893617021,4,15.901722770975613,1,A0
8,0,1118.6585464797674,109.114980293553,3658.911860037165,1.7326587201992074,-0.11090309426257099,8,0.4290853554111576,0.07692307692307693,1.1786549963416462,0.125,0,0,1,0,0.0,1,0.0,0,easy_normal
23,1,671.1082831750193,16.64247112057423,107.99526631539756,1.8080862259690478,-0.06207391565116785,28,2.5033218068057588,0.0,1.7559241940371788,0.5357142857142857,11,3,1,17,0.6071428571428571,9,15.05136904252144,1,A0
13,0,582.698225947671,100.79731622836461,7120.668103220227,1.1682824501765625,0.12140381540573934,5,0.5148462559879862,0.2,1.2206072645530175,0.2,0,0,1,0,0.0,0,0.0,0,easy_normal
14,0,151.32761412204002,39.48133611080286,0.0,1.3321790402101223,-0.39687439397665353,1,0.3964907551612639,0.0,1.3321790402101223,2.0,0,0,2,0,0.0,1,0.0,0,easy_normal
13,0,1188.4229116023448,138.87358869294653,7494.9811543593905,1.5292482930376912,0.02111158271018666,7,0.3534095446154905,0.2,1.3605138827424867,0.14285714285714285,0,0,1,0,0.0,1,0.0,0,easy_normal
2,1,832.4791970918847,33.826460057352065,523.4827378520702,1.4614060477778341,-0.03539641091887383,16,1.1531819694156757,0.0,1.8139714030035896,0.5625,5,3,1,9,0.5625,8,38.423709306434915,1,A0
12,0,288.5892016493102,121.3709717072987,0.0,1.5607104090414063,-0.07788233168125529,1,0.20790798705251354,0.16666666666666666,1.5607104090414063,2.0,0,0,2,0,0.0,1,0.0,0,easy_normal
1,1,530.3893160514489,12.279016332004376,87.15950511173654,1.5095383755720464,-0.030030719694619144,20,2.2624890126625354,0.0,1.8028282144342134,0.65,6,6,1,11,0.55,4,12.432585348012175,1,A0
10,0,727.4485552575943,320.72019377301154,4098.557255684552,0.7963116401738131,0.15306763033703452,2,0.16496011866778293,0.2857142857142857,1.5498260458782016,0.5,0,0,1,0,0.0,1,0.0,0,easy_normal
13,0,704.2741428512954,314.2717927533391,38883.77396036986,0.9502705392332347,0.14687104004854912,2,0.17038819502044036,0.0,1.0549201679861442,0.0,0,0,0,0,0.0,2,0.0,0,easy_normal
0,1,719.3771736624996,12.695635857554231,65.34305855718749,1.7264578216402373,-0.13001205716084485,39,3.2528138029270113,0.0136986301369863,1.710826660411076,0.38461538461538464,4,9,2,20,0.5128205128205128,2,13.093531990128962,1,A0
10,0,1484.270390746839,254.9702806556188,75723.69705731762,0.9404479886553263,0.20052827696951137,5,0.20211950724763114,0.0,1.2206072645530175,0.4,0,0,2,0,0.0,1,0.0,0,easy_normal
11,0,258.6971555445227,113.4673599896133,295.6620008586119,1.242453324894,0.08396673585744524,2,0.4638628505497719,0.16666666666666666,1.329661348854758,1.0,0,0,2,0,0.0,0,0.0,0,easy_normal
12,0,512.209774485424,72.38197994765848,677.8978083033913,1.9722469794234416,-0.14181445149464397,6,0.7028370365670259,0.09090909090909091,1.1209503926735835,0.16666666666666666,0,0,1,0,0.0,0,0.0,0,easy_normal
14,0,837.939043932749,14.844899912595697,94.99012187027715,1.6103779146712707,-0.04826548972694283,47,3.365399930244003,0.0,1.5848596258766592,0.2553191489361702,9,2,1,27,0.574468085106383,4,13.477524637110864,1,A0
8,0,372.2047559291217,81.5110801353247,5630.319558775959,0.9743147528693494,0.155840205442319,4,0.6448063765356689,0.125,1.3862943611198906,0.25,0,0,1,0,0.0,1,0.0,0,easy_normal
17,0,419.49472153670115,166.15610307210414,13321.816642124555,1.3862943611198906,0.002572683076607165,2,0.2860584265766532,0.0,1.0397207708399179,0.5,0,0,1,0,0.0,0,0.0,0,easy_normal
15,0,421.29498988625966,56.71795845805552,1586.2613519223949,1.4708084763221112,-0.020414499383308294,7,0.9969261683206599,0.1,0.9404479886553264,0.0,0,0,0,0,0.0,1,0.0,0,easy_normal
15,0,1145.0115383520317,205.77300199318378,18788.540433350026,1.0335620542068176,0.11647817290933457,5,0.26200609334625374,0.09090909090909091,1.4142790651247086,0.2,0,0,1,0,0.0,2,0.0,0,easy_normal
15,0,706.1847441656201,127.44118583577783,4510.340758995013,1.5607104090414063,-0.09361066886207982,3,0.25489080794668784,0.16666666666666666,1.2424533248940002,0.3333333333333333,0,0,1,0,0.0,0,0.0,0,easy_normal
12,0,942.4899418749212,157.07689104532332,9777.006955353223,1.3667110520552042,0.04580935238733071,5,0.3183057841478942,0.09090909090909091,1.4142790651247086,0.4,0,0,2,0,0.0,1,0.0,0,easy_normal
11,0,1637.1271980740735,218.90143448479577,14583.080745979896,1.5832584594204766,-0.006564543332045422,7,0.25654695645768427,0.08333333333333333,1.2342678660790767,0.14285714285714285,0,0,1,0,0.0,1,0.0,0,easy_normal
5,1,878.595981577212,16.892510643010716,233.38997730186188,1.0425464942692326,0.13036678668734514,39,2.663340203080997,0.0,1.7776350857803773,0.5641025641025641,13,7,2,23,0.5897435897435898,10,16.042528530751046,1,A0
9,0,3002.458885028292,576.4471277572407,135697.39587820988,1.3030924037617193,0.07324323592441807,5,0.09991810428976884,0.2222222222222222,1.1490596969706202,0.2,0,0,1,0,0.0,0,0.0,0,easy_normal
8,0,1909.7923181920733,260.7216267632094,24995.63608140998,1.4844575358174863,0.07039739724867963,7,0.21991920063727025,0.15384615384615385,1.3038755293363848,0.14285714285714285,0,0,1,0,0.0,1,0.0,0,easy_normal
16,0,1104.0296036162774,121.44789119960555,3191.051324150351,1.6417347121875214,-0.028448516949280432,5,0.2717318439807613,0.09090909090909091,1.4142790651247086,0.4,0,0,2,0,0.0,2,0.0,0,easy_normal
13,0,466.3272523429432,111.25904747625431,2573.3604607291904,1.294545165844896,0.09944910020245284,3,0.3859950262302612,0.2727272727272727,1.5465986860485126,0.6666666666666666,0,0,2,0,0.0,2,0.0,0,easy_normal
14,0,430.2480652075228,17.058869717484924,322.95717022207816,1.136743477004312,0.10887151457254907,12,1.6734531964779906,0.0,1.768021524378908,1.75,13,7,1,6,0.5,10,28.142913931023983,1,A0
10,0,378.7241238167981,58.2702791104695,1024.7567440982623,1.6769877743224173,-0.1556754934581739,5,0.7921333264345217,0.0,1.1490596969706202,0.2,0,0,1,0,0.0,1,0.0,0,easy_normal
3,1,569.5987490508636,8.278951921979598,46.76742536863505,1.5318441128122042,-0.07414807520775367,35,3.6868058497306775,0.0125,1.7915495232503933,0.42857142857142855,7,7,1,16,0.45714285714285713,9,6.052322677505842,1,A0
10,0,665.4843259918274,119.01615647575278,16615.91068002136,0.8369882167858358,0.26148789987130727,4,0.36063959829904,0.3333333333333333,1.4451858789480823,0.5,0,0,2,0,0.0,1,0.0,0,easy_normal
15,0,895.6599362922391,163.1664305034551,16460.06561766726,1.4941751382893085,0.04309749232249552,5,0.3349485534006458,0.125,1.073542846408523,0.0,0,0,0,0,0.0,1,0.0,0,easy_normal
12,0,557.5152202188888,132.66697551127538,13383.567394812035,1.0735428464085233,0.19414933081084715,4,0.4304815210350175,0.125,1.3862943611198906,0.25,0,0,1,0,0.0,1,0.0,0,easy_normal
13,0,694.720499375747,12.266039594821665,69.69299950695638,1.6187537169658701,-0.06347080303905435,41,3.540992387889051,0.0,1.6921727100843822,0.43902439024390244,13,4,1,19,0.4634146341463415,5,12.122412493791977,1,A0
1,1,375.7183354126406,8.29350828044641,42.52852400814647,1.443857024223185,-0.03821531539920107,28,4.471434693638,0.016666666666666666,1.7945958218081643,0.8214285714285714,14,7,2,14,0.5,2,8.513111351433471,1,A0
15,0,525.6317589847292,78.22091569636723,2907.1262056101796,1.3592367006650063,-0.017260171468140774,5,0.5707417690655858,0.3,1.0296530140645737,0.0,0,0,0,0,0.0,0,0.0,0,easy_normal
15,0,106.53209941826832,29.358306534063157,57.54025552030718,1.3321790402101223,-0.25169487684031744,3,1.689631585061331,0.0,0.9502705392332347,0.3333333333333333,0,0,1,0,0.0,0,0.0,0,easy_normal
14,0,728.1617358671406,171.0341518121524,1406.0127619099317,1.3862943611198906,-0.03733679374540646,4,0.32959710484401245,0.125,1.3862943611198906,0.25,0,0,1,0,0.0,1,0.0,0,easy_normal
13,0,2406.6402665112196,387.50861611730943,131537.88298149512,1.0317671113505356,0.25153788759212586,6,0.14958612843367453,0.15384615384615385,1.2711814802605796,0.3333333333333333,0,0,2,0,0.0,0,0.0,0,easy_normal
9,0,423.3325936494129,58.71178993899355,424.1047685687325,1.0114042647073516,-0.05097884495871193,3,0.42519759333501445,0.16666666666666666,1.242453324894,0.3333333333333333,0,0,1,0,0.0,0,0.0,0,easy_normal
11,0,585.9785837182732,158.90522964511953,3884.852448357102,1.1490596969706204,0.09290769701575882,3,0.30717846180969033,0.2222222222222222,1.5229550675313184,0.3333333333333333,0,0,1,0,0.0,2,0.0,0,easy_normal
14,0,808.27696711874,119.586651548542,4982.891465494465,1.4241299173467734,0.014938522569898856,5,0.3711599021179685,0.16666666666666666,1.4677339293271523,0.4,0,0,2,0,0.0,2,0.0,0,easy_normal
11,0,614.0821882220876,18.176110886136822,302.7283975353237,1.365740788155212,0.08109441634347868,25,2.442669774127227,0.0,1.7136311383105864,0.56,10,3,1,17,0.68,6,19.4342676557964,1,A0
2,1,324.7346278756342,7.740803376745067,35.913610343214636,1.5651103121734473,-0.03896427666570032,22,4.064857538092702,0.0,1.7471278844158062,0.8181818181818182,10,8,0,13,0.5909090909090909,5,7.790072162371279,1,A0
1,1,765.3687629861795,12.219837379293846,77.13966424781734,1.4934635056766619,-0.059651596895958815,42,3.2925305053839837,0.011363636363636364,1.6921653654825684,0.47619047619047616,14,6,0,20,0.47619047619047616,4,15.604758336238053,1,A0
10,0,124.16190783673412,35.38704377139126,177.59359044848782,1.6094379124341005,-0.25733734119170015,2,0.9664799944745792,0.2,1.3321790402101223,0.5,0,0,1,0,0.0,0,0.0,0,easy_normal
15,0,611.1724453742158,127.4315790165971,9088.535577938286,1.0735428464085233,0.07420887987041969,3,0.2945158954111347,0.0,1.320888343149322,0.6666666666666666,0,0,2,0,0.0,2,0.0,0,easy_normal
12,0,554.5017970077462,150.77008597941347,5751.255999431133,1.3030924037617193,0.11521130701037346,3,0.3246157198612027,0.2222222222222222,1.5229550675313184,0.3333333333333333,0,0,1,0,0.0,2,0.0,0,easy_normal
15,0,551.2857047458025,158.1977631952258,2748.541090992549,1.3862943611198906,0.05661335156598414,3,0.3265094640591087,0.375,1.2554823251787535,0.0,0,0,0,0,0.0,1,0.0,0,easy_normal
10,0,582.2390265320338,12.978554869587722,67.56946031904313,1.6025397555871006,-0.0734792024967376,30,3.0915138250372283,0.0,1.6912754865746427,0.23333333333333334,3,2,2,14,0.4666666666666667,10,13.043417573846842,1,A0
13,0,611.3484020925624,105.97978808688731,1638.6069947222866,1.7351264569629226,-0.12522827788056753,5,0.49071854767779033,0.1111111111111111,1.1490596969706202,0.4,0,0,2,0,0.0,0,0.0,0,easy_normal
2,1,885.6922063310026,12.633495062978753,111.02971205270701,1.2984297366626916,-0.0010768625792782047,48,3.25169396254536,0.010638297872340425,1.7262250156352887,0.4166666666666667,13,5,2,24,0.5,4,11.584665696228512,1,A0
12,0,335.64358945609234,275.92829478462306,0.0,0.45056120886630463,0.2777212303221081,1,0.17876104857902844,0.16666666666666666,1.5607104090414063,2.0,0,0,2,0,0.0,1,0.0,0,easy_normal
12,0,367.52721640983094,9.335255984804665,87.0552488074162,1.1627889544955625,0.085216933291213,27,4.407836828588858,0.0,1.7951943952587046,0.6666666666666666,8,9,1,13,0.48148148148148145,5,10.166913015429985,1,A0
12,0,938.3995249065582,156.3864697807353,5586.81333464537,1.5229550675313184,-0.10947623024267045,5,0.3196932564835566,0.0,1.1490596969706202,0.2,0,0,1,0,0.0,1,0.0,0,easy_normal
16,0,869.3182212041445,255.17854307930872,14951.443558364343,1.0789922078775833,0.06154527227956314,3,0.20705881414825433,0.14285714285714285,1.4750763110546947,0.3333333333333333,0,0,1,0,0.0,1,0.0,0,easy_normal
12,0,557.6866068302304,98.636209332393,4370.701127275851,1.4941751382893085,-0.03378402460476151,5,0.5379365333966596,0.0,0.9002560512685369,0.0,0,0,0,0,0.0,2,0.0,0,easy_normal
0,1,572.3023757350722,17.18508418493858,127.0702343466691,1.3512353542506603,0.05425398802088655,13,1.3629158869000995,0.019230769230769232,1.8195731147200587,1.7692307692307692,15,7,1,5,0.38461538461538464,11,22.479862712593576,1,A0
2,1,1548.7791435959073,28.81769974044502,302.90765099387613,1.6054309756522784,-0.0966855142691237,41,1.5883478352429568,0.0,1.5765079558294883,0.17073170731707318,4,2,1,25,0.6097560975609756,7,25.245708176648023,1,A0
15,0,1205.3859477526773,150.72236380276698,5956.8329545032475,1.6094379124341005,-0.17715368010372218,7,0.3484361177289717,0.0,0.6108643020548935,0.0,0,0,0,0,0.0,0,0.0,0,easy_normal
15,0,594.5738255942111,134.5034167248671,6175.131736118002,1.3296613488547582,-0.09682560733409754,4,0.403650463018863,0.0,0.8675632284814612,0.25,0,0,1,0,0.0,0,0.0,0,easy_normal
12,0,427.9008749713597,62.05460875354944,2235.185550720642,1.2730283365896256,-0.0018053035007412075,3,0.4206581723209792,0.3333333333333333,1.464816384890813,0.3333333333333333,0,0,1,0,0.0,1,0.0,0,easy_normal
12,0,1080.5960271813808,154.28112201978814,13302.774239728009,1.277034259466139,-0.12718956915743865,2,0.11104982526449517,0.14285714285714285,1.5498260458782016,1.0,0,0,2,0,0.0,1,0.0,0,easy_normal
14,0,265.7871409190126,125.93967515898731,11413.067816387684,0.5004024235381879,0.2577005803121418,2,0.45148911111755,0.2,1.3321790402101223,0.0,0,0,0,0,0.0,1,0.0,0,easy_normal
12,0,1669.2420016012613,160.52828465602647,9640.088035205932,1.4614721293040243,-0.010182987681284188,8,0.2875556687044468,0.1875,1.3535913521346064,0.25,0,0,2,0,0.0,1,0.0,0,easy_normal
12,0,2816.384211662726,369.68529574715427,44446.50364740233,1.5247073930301438,0.02792238962642837,7,0.14912738051178112,0.15384615384615385,1.3038755293363848,0.14285714285714285,0,0,1,0,0.0,2,0.0,0,easy_normal
8,0,211.84180857136826,42.26728632617968,304.1040317545516,1.242453324894,0.015256556281260493,2,0.5664604206755188,0.0,1.3296613488547582,0.5,0,0,1,0,0.0,2,0.0,0,easy_normal
14,0,233.528768481136,66.07039619307574,6.544253012016832,0.9502705392332347,-0.3064851042999989,3,0.7707829796333638,0.0,0.9502705392332347,0.3333333333333333,0,0,1,0,0.0,0,0.0,0,easy_normal
10,0,153.05891205330875,62.73005915507132,49.19257371874919,1.0735428464085233,0.1494297302535347,2,0.7840118447869623,0.375,1.3208883431493221,0.0,0,0,0,0,0.0,2,0.0,0,easy_normal
22,1,878.7209752711334,19.269714833959124,236.08907929398833,1.213754685039289,0.041291250423378466,34,2.3215560540939046,0.0,1.7854900541267629,0.4411764705882353,4,9,2,17,0.5,10,15.65819516303571,1,A0
13,0,1928.221615390302,224.82008642384372,16531.116914473077,1.475076311054695,0.010208711460926003,8,0.2489340416935636,0.07142857142857142,1.1163670752893369,0.25,0,0,2,0,0.0,0,0.0,0,easy_normal
13,0,269.6866983498576,97.49872056016332,261.7612765216372,1.329661348854758,-0.06874329693187707,2,0.44496076645325344,0.16666666666666666,1.329661348854758,0.0,0,0,0,0,0.0,2,0.0,0,easy_normal
14,0,1260.955246043985,275.447562403797,22584.109021156335,1.4941751382893085,0.011156575477495979,4,0.19033189381856006,0.125,1.3862943611198906,0.25,0,0,1,0,0.0,1,0.0,0,easy_normal
12,0,1112.8631106397281,20.618002155243104,202.78089187171307,1.4021973497379157,-0.04953569748767728,36,1.9409395273766656,0.012658227848101266,1.7920383492452971,0.5833333333333334,11,9,1,12,0.3333333333333333,6,19.58657670208206,1,A0
0,1,750.340583399867,12.190917343106895,78.3481366084254,1.5834495135633353,0.014046493632975705,41,3.2785111913492644,0.0,1.7284820042927713,0.43902439024390244,11,6,1,26,0.6341463414634146,10,11.427601837748954,1,A0
11,0,331.31936567175603,58.32535078875998,1055.0170656283456,1.559581156259877,-0.08275692147219713,3,0.5432824599161197,0.25,1.4941751382893083,0.3333333333333333,0,0,1,0,0.0,1,0.0,0,easy_normal
14,0,1557.962019700742,171.63774034404767,32830.40890522946,1.0913030006468518,0.14530665811065166,7,0.26958295175942404,0.14285714285714285,1.3316643102930148,0.14285714285714285,0,0,1,0,0.0,1,0.0,0,easy_normal
13,0,520.2064928215302,223.52320773606192,16445.085352466573,1.3321790402101223,0.1056508172725824,2,0.23067762831858576,0.2,1.3321790402101223,0.0,0,0,0,0,0.0,1,0.0,0,easy_normal
15,0,364.7994073191974,157.5808154453407,4345.121318744548,1.3862943611198906,-0.05173482580646737,2,0.3289479028539119,0.0,1.0397207708399179,0.5,0,0,1,0,0.0,0,0.0,0,easy_normal
11,0,926.9674716360255,252.23137412801057,34699.836786310894,1.2130075659799042,0.16212234044343943,3,0.19418157109905268,0.125,1.4941751382893083,0.3333333333333333,0,0,1,0,0.0,2,0.0,0,easy_normal
3,1,736.166444592823,11.446180939200826,85.86692150754332,1.2325726153711434,-0.025506982716928802,49,3.993662060522369,0.012345679012345678,1.648156626455758,0.24489795918367346,5,7,0,30,0.6122448979591837,9,10.317803466040845,1,A0
23,1,331.86844480785055,8.014111183841223,34.552797090255496,1.5149446267727082,0.0005200820787875578,23,4.158274224592248,0.0,1.7248328252852143,0.6086956521739131,10,4,0,15,0.6521739130434783,11,7.781148436448816,1,A0
10,0,1384.8357142127904,192.7383748257488,47947.8925251507,0.8587409130062867,0.23603166353028393,6,0.2599586335803319,0.07692307692307693,1.4180693652516903,0.3333333333333333,0,0,2,0,0.0,2,0.0,0,easy_normal
5,1,660.6994272757435,13.380564670383256,61.81783626668024,1.650025725061304,-0.07568811678680124,34,3.087637003730297,0.0,1.7398554448751122,0.38235294117647056,9,2,2,20,0.5882352941176471,11,12.987810776759654,1,A0
12,0,2366.9964666557266,287.4022966386406,25048.41290611497,1.5367224694372195,-0.030578763047556433,6,0.15209148178773393,0.14285714285714285,1.4377014436429412,0.16666666666666666,0,0,1,0,0.0,2,0.0,0,easy_normal
14,0,317.0063011690987,97.51938808456377,388.48771365249,1.4270610433807247,0.008312311141961234,2,0.3785413714410337,0.4444444444444444,1.2730283365896256,0.0,0,0,0,0,0.0,2,0.0,0,easy_normal
9,0,1998.8805426656118,214.8672979053765,31848.76506328575,1.5193826646423012,0.022313141466938365,7,0.21011760884915515,0.0,1.0905994737794789,0.14285714285714285,0,0,1,0,0.0,1,0.0,0,easy_normal
10,0,226.74836963141624,93.81439677148471,1506.7687092659455,1.242453324894,0.09926930322731574,2,0.5292210047422271,0.16666666666666666,1.5607104090414063,0.5,0,0,1,0,0.0,1,0.0,0,easy_normal
9,0,1901.9247358006057,168.90083980821709,8946.965497598276,1.6715308017791348,-0.022350305158956554,8,0.2523759173876806,0.16666666666666666,1.3979917020604717,0.125,0,0,1,0,0.0,2,0.0,0,easy_normal
5,1,595.1926913949746,14.485013491792673,113.63952379701222,1.330903037731347,-0.06858174386335242,22,2.217769168008882,0.0,1.811889898885361,0.9545454545454546,14,6,1,13,0.5909090909090909,10,17.02538576945866,1,A0
12,0,759.6837274048455,111.4457680882548,7254.797128148653,1.0437938808441543,0.1307995730072703,6,0.47388141540137435,0.07692307692307693,1.3778195080390327,0.16666666666666666,0,0,1,0,0.0,2,0.0,0,easy_normal
15,0,494.61404569542196,101.12533326348462,3043.064219029202,1.4941751382893085,-0.044240516722200265,3,0.363920114211318,0.375,1.2554823251787535,0.0,0,0,0,0,0.0,1,0.0,0,easy_normal
15,0,721.358747034096,206.5997278405367,7883.567832885194,0.9404479886553263,0.16644797101238049,3,0.2495291014908731,0.4,1.2798542258336676,0.6666666666666666,0,0,2,0,0.0,0,0.0,0,easy_normal
5,1,379.4360443149303,12.662002795625304,115.86429287284763,1.3820054770922576,-0.008872545404283514,15,2.371941236170499,0.0,1.7684629139430386,0.7333333333333333,8,2,1,8,0.5333333333333333,12,9.548537985498854,1,A0
5,1,577.1010267581183,9.379122945173947,39.51703725199941,1.6238263858303048,-0.07937191797455811,41,4.262685190180862,0.011627906976744186,1.7312023779923185,0.2926829268292683,3,8,1,19,0.4634146341463415,11,8.839680286477954,1,A0
14,0,751.0980755042829,258.4573241044612,12938.085020424704,0.9002560512685369,0.12265235827929931,2,0.15976608636552916,0.5,1.2130075659799042,0.0,0,0,0,0,0.0,1,0.0,0,easy_normal
12,0,614.1720176183599,184.7335289821599,33455.87088331114,0.8675632284814612,0.20206166018063082,3,0.2930775008246145,0.0,1.0114042647073518,0.6666666666666666,0,0,2,0,0.0,0,0.0,0,easy_normal
3,1,284.87122916606023,17.56704953945353,137.13586624546005,1.410629493012687,0.004784296600929758,11,2.316836284001378,0.0,1.7793306432770601,0.7272727272727273,4,4,0,6,0.5454545454545454,5,20.090568171014976,1,A0
13,0,395.7156756871185,7.891966901742779,28.160298276018214,1.7416542892719744,-0.05672975211201551,31,4.700344500556634,0.0,1.7609895921730305,0.41935483870967744,7,5,1,18,0.5806451612903226,8,8.610184699424956,1,A0
9,0,671.3762375037217,79.34905021939547,2019.570413668874,1.4976864074866398,0.05703128045750824,6,0.5362120073515476,0.4117647058823529,1.3180238017106034,0.16666666666666666,0,0,1,0,0.0,2,0.0,0,easy_normal
15,0,310.7035188642856,45.224534409892996,411.90648912552825,1.2206072645530173,-0.20901638123910685,5,0.9655506995755626,0.1,1.3592367006650066,0.2,0,0,1,0,0.0,1,0.0,0,easy_normal
15,0,1580.5893480277773,252.76800036575833,12519.92777139467,1.1685184057430877,0.006083408697776604,6,0.22776314445570547,0.0,1.1685184057430877,0.16666666666666666,0,0,1,0,0.0,2,0.0,0,easy_normal
14,0,736.6781722275465,136.84588297594254,10462.854634125006,1.3030924037617193,0.09013635736803458,5,0.4072334586660394,0.2222222222222222,1.1490596969706202,0.0,0,0,0,0,0.0,1,0.0,0,easy_normal
13,0,258.0091316859957,52.516226109998684,319.512950727042,1.4941751382893085,-0.17415098057669676,3,0.697649725898326,0.25,1.4941751382893083,0.3333333333333333,0,0,1,0,0.0,1,0.0,0,easy_normal
12,0,2437.946102336336,288.51814227061413,14433.178488024227,1.7721393884375285,-0.04012203506346321,8,0.19688704337639198,0.21428571428571427,1.1163670752893367,0.25,0,0,2,0,0.0,0,0.0,0,easy_normal
12,0,631.8552839115399,365.64971009676606,0.0,1.0397207708399179,-0.12859185667773432,1,0.09495845255667758,0.0,1.0397207708399179,2.0,0,0,2,0,0.0,0,0.0,0,easy_normal
11,0,532.2932807419846,111.99845889359177,3489.6271039685776,1.0888999753452235,0.07093160499175317,4,0.45087925901573384,0.4,1.1935496040981333,0.0,0,0,0,0,0.0,1,0.0,0,easy_normal
22,1,498.30744264167873,18.998953856428933,232.29604917648678,1.1049636682159742,0.13893887643600766,17,2.0469290897857575,0.0196078431372549,1.9397964058840076,1.1176470588235294,9,8,2,9,0.5294117647058824,8,18.34184965775988,1,A0
13,0,431.9458042317894,175.31957712598492,2939.790827080788,1.0397207708399179,-0.1638195492498964,2,0.27781263025211833,0.0,1.0397207708399179,0.5,0,0,1,0,0.0,0,0.0,0,easy_normal
17,0,685.1296120618958,120.77989177134768,3322.1525154394667,1.4184836619456564,-0.012682981761463213,5,0.43787335230942764,0.1,1.3592367006650063,0.4,0,0,2,0,0.0,1,0.0,0,easy_normal
14,0,1040.3697572705628,138.45471604320142,8570.400380153036,1.5247073930301438,0.074614136392074,7,0.4037026230961201,0.07692307692307693,1.2636256721237273,0.14285714285714285,0,0,1,0,0.0,1,0.0,0,easy_normal
13,0,579.8056004992281,183.42029901600753,5270.37936869915,1.4270610433807247,0.08970114241944106,2,0.20696592081324636,0.3333333333333333,1.5229550675313182,1.0,0,0,2,0,0.0,1,0.0,0,easy_normal
20,1,320.5827532397309,6.292136431554751,16.33430270253386,1.2900183824851112,0.015206612064439032,25,4.678979093046544,0.0,1.7968879384617924,0.56,8,5,1,12,0.48,7,6.260465380134893,1,A0
17,0,280.7160016260683,100.63085352600359,163.1299205362413,1.329661348854758,-0.08555703488517437,2,0.4274783029997972,0.3333333333333333,1.3296613488547582,0.5,0,0,1,0,0.0,0,0.0,0,easy_normal
2,1,409.7043221705711,13.52246396634158,154.15070938267945,1.2010199925443594,0.08911619232952532,17,2.489600291732695,0.017857142857142856,1.7990580220151096,1.1176470588235294,14,3,2,14,0.8235294117647058,10,12.622792095480495,1,A0
5,1,1586.6384568140613,29.582791064585955,387.51377709883417,1.6063130793623386,-0.03619122301194932,46,1.739526725919669,0.0,1.615374867030979,0.30434782608695654,4,9,1,21,0.45652173913043476,3,32.13854164897779,1,A0
14,0,1252.3885056023323,176.7047369763105,26157.116257128717,1.0986122886681098,0.13668401011540587,6,0.2874507378418162,0.16666666666666666,1.3579778549873243,0.16666666666666666,0,0,1,0,0.0,1,0.0,0,easy_normal
13,0,947.4504225310376,295.41410977829577,12842.845206035601,1.0027182645175161,0.17500686536649587,3,0.18998355557132424,0.2222222222222222,1.5229550675313184,0.3333333333333333,0,0,1,0,0.0,2,0.0,0,easy_normal
11,0,845.5457661305068,350.8011836727534,32628.391587489554,1.0027182645175161,0.26854346296021325,2,0.14192017133402388,0.2222222222222222,1.5810937501718236,1.0,0,0,2,0,0.0,2,0.0,0,easy_normal
15,0,773.8740051257868,143.4710175303828,4052.192406534359,1.4270610433807247,-0.03371098117334361,4,0.3101280032800559,0.2222222222222222,1.2730283365896256,0.0,0,0,0,0,0.0,2,0.0,0,easy_normal
14,0,2680.881239353718,368.79725419933766,61725.7102670192,1.193549604098133,-0.017290318939044876,7,0.15666490325444246,0.0,0.9404479886553264,0.14285714285714285,0,0,1,0,0.0,1,0.0,0,easy_normal
11,0,184.50031667723587,83.67082628724857,644.7017727446669,1.0397207708399179,-0.05065269696557151,2,0.6504053877041713,0.0,1.0397207708399179,0.0,0,0,0,0,0.0,1,0.0,0,easy_normal
12,0,409.5503241728899,116.25662834309269,210.89893859784092,1.3321790402101223,-0.293237030617202,3,0.43950642784502786,0.0,0.9502705392332347,0.3333333333333333,0,0,1,0,0.0,0,0.0,0,easy_normal
0,1,358.3416076472509,14.588526848372931,43.16718695891135,1.6544989083248363,-0.07395563798548042,12,2.0092559296345045,0.0,1.6626306546637015,1.75,14,7,0,6,0.5,10,16.07281493942123,1,A0
14,0,469.4687173229484,55.433372447143036,3905.566859941817,1.2636544318820966,0.05464192982599892,4,0.5112161708421215,0.18181818181818182,1.5157079520857129,0.5,0,0,2,0,0.0,1,0.0,0,easy_normal
12,0,861.431905980553,159.16380298148525,1162.8807305969017,1.4941751382893085,-0.12527075606720647,4,0.278605886703038,0.125,1.3862943611198906,0.25,0,0,1,0,0.0,1,0.0,0,easy_normal
0,1,478.3474583985302,11.227165685525833,43.40321182414334,1.680298194967012,-0.08105995001583818,34,4.264682427350529,0.0,1.6929615313713853,0.2647058823529412,4,4,1,18,0.5294117647058824,7,12.311157010490042,1,A0
10,0,972.2814167767233,180.372490950884,9918.169137574303,1.3592367006650063,0.05969881885142194,5,0.30855264208849176,0.1,1.3592367006650063,0.2,0,0,1,0,0.0,2,0.0,0,easy_normal
14,0,198.4227793002656,45.83582401510834,412.26518880861596,1.7478680974667573,-0.09309623903795129,3,0.9071539096204921,0.14285714285714285,1.4750763110546947,0.3333333333333333,0,0,1,0,0.0,1,0.0,0,easy_normal
17,0,577.5959922015019,102.97519476101861,331.43861940706296,1.7478680974667573,-0.422761189084328,3,0.3116365113856342,0.14285714285714285,1.277034259466139,0.6666666666666666,0,0,2,0,0.0,0,0.0,0,easy_normal
2,1,779.8498548009752,17.964280537453547,130.83945669465896,1.4264323274914303,-0.023665277624148252,34,2.6158881577539392,0.0,1.7903330877103376,0.5,9,6,2,14,0.4117647058823529,9,18.20439190908999,1,A0
23,1,285.08237342955425,14.140994593344997,59.685651554674834,1.7219618553056641,-0.09318257078472932,14,2.946516790549906,0.0,1.7728326968347767,0.7142857142857143,7,2,1,9,0.6428571428571429,5,12.423766977553722,1,A0
9,0,714.3278547319751,131.77597482466592,8857.551636532891,1.2554823251787537,-0.030463413359782872,4,0.3359801783034921,0.125,1.2130075659799042,0.0,0,0,0,0,0.0,1,0.0,0,easy_normal
14,0,479.68198570947897,91.95463214388941,1977.2438940798188,1.2206072645530173,0.01617011287867819,4,0.5003314845043124,0.1,1.4708084763221114,0.5,0,0,2,0,0.0,2,0.0,0,easy_normal
10,0,584.279843161827,276.0729872268637,44357.7306387417,0.7356219397587946,0.3666844460430969,2,0.2053810368514866,0.25,1.559581156259877,0.5,0,0,1,0,0.0,2,0.0,0,easy_normal
12,0,1629.036372313697,357.5442075678904,90625.72974776395,0.7595473914748635,0.24024668211954697,4,0.14732636058894832,0.2727272727272727,1.4681399390162084,0.5,0,0,2,0,0.0,1,0.0,0,easy_normal
15,0,1142.3188881280585,114.91241009553418,4738.1802541169245,1.7782333057997077,-0.07309584893048895,8,0.42019790181932987,0.07692307692307693,1.1786549963416462,0.125,0,0,1,0,0.0,1,0.0,0,easy_normal
12,0,1344.2997818142546,149.6618561757772,6372.890097301691,1.5808185358593017,0.02077784134342086,8,0.35706321349855197,0.1875,1.3535913521346064,0.25,0,0,2,0,0.0,1,0.0,0,easy_normal
14,0,937.5967476694775,151.73609971078986,4264.7390107811825,1.6957425341696346,-0.08116989334785048,4,0.25597358416243676,0.3,1.2798542258336676,0.25,0,0,1,0,0.0,0,0.0,0,easy_normal
15,0,272.0197616689083,55.02286137308963,1593.8429720837983,1.277034259466139,-0.04208838536245072,4,0.8822888400737535,0.0,0.9556998911125343,0.0,0,0,0,0,0.0,1,0.0,0,easy_normal
16,0,537.6329019003367,110.35165374184078,3655.792975681588,0.9502705392332347,-0.3283018169950288,4,0.44640125102404876,0.0,0.5004024235381879,0.0,0,0,0,0,0.0,0,0.0,0,easy_normal
13,0,781.2311288710316,13.167717497135449,91.56597115498299,1.4086763456268165,0.0016966068804354878,42,3.2256779163954823,0.012195121951219513,1.73999991087506,0.2857142857142857,3,8,1,24,0.5714285714285714,12,12.799678810804336,1,A0
13,0,1021.6751740890288,304.4057115174177,33233.14523130679,0.7356219397587946,0.16216037748542422,3,0.17618124093158674,0.25,1.4941751382893083,0.3333333333333333,0,0,1,0,0.0,1,0.0,0,easy_normal
9,0,1306.1057498608764,163.5348422825561,14012.357218505582,1.2822312894659438,0.16231270556868682,7,0.3215666113136226,0.23529411764705882,1.4611291339840733,0.2857142857142857,0,0,2,0,0.0,2,0.0,0,easy_normal
10,0,263.05413511166137,47.47768170590084,301.4543563574376,1.3862943611198906,0.005067746389520297,3,0.6842697983956553,0.125,1.4941751382893083,0.3333333333333333,0,0,1,0,0.0,2,0.0,0,easy_normal
11,0,352.16267382303255,13.550897875563804,101.3087921527806,1.1801787108667212,0.029095931953992644,18,3.0667645388867006,0.0,1.8269994869242803,0.7222222222222222,4,8,1,10,0.5555555555555556,7,13.822268814994583,1,A0
12,0,1249.6342927355092,143.29757927767884,3203.4013436899695,1.4677339293271525,-0.18024666469755082,8,0.38411237814965615,0.0,0.9830877585747855,0.125,0,0,1,0,0.0,1,0.0,0,easy_normal
4,1,673.1020420571651,10.87940527984878,33.44624716780837,1.5977279589855282,-0.08312475853327617,44,3.922139341505356,0.0,1.6122150489804223,0.2727272727272727,9,2,1,22,0.5,5,11.384741949105612,1,A0
11,0,2119.362897582219,325.07233522958137,24322.344962725572,1.0805738483648537,0.12117039340237601,6,0.1698623677949114,0.26666666666666666,1.4368286689630319,0.16666666666666666,0,0,1,0,0.0,2,0.0,0,easy_normal
11,0,1113.6800692283452,22.279845791186037,278.33795648635606,1.448186970088615,0.007592145483204888,35,1.8856402821818148,0.0,1.7293717078399162,0.4,10,3,1,18,0.5142857142857142,10,22.58935112662763,1,A0
23,1,452.76153408236723,7.133159266599425,27.260473479067752,1.1561621262046147,0.041746041356163846,36,4.770723300020997,0.011904761904761904,1.8335584891223249,0.6111111111111112,13,8,1,18,0.5,9,9.34815219947651,1,A0
17,0,469.65298908714993,178.88500191010067,5306.162445474209,1.277034259466139,0.10607133866883844,2,0.25550779573071664,0.0,1.351783994289646,1.0,0,0,2,0,0.0,2,0.0,0,easy_normal
11,0,989.9811932677882,224.3430897700122,12375.087891678824,1.277034259466139,-0.050319219091546775,4,0.2424288477721419,0.0,0.9556998911125343,0.25,0,0,1,0,0.0,0,0.0,0,easy_normal
20,1,657.0212053335534,16.095172701213396,147.87916528207202,1.7917958091517672,-0.06548206729050916,21,1.9177463219932591,0.0,1.8404532353924465,0.5714285714285714,4,6,2,10,0.47619047619047616,7,20.766578919188287,1,A0
11,0,312.8769924290317,89.0162199264815,4003.784918959413,1.15374194270109,0.1167671350254524,3,0.575305964822033,0.2857142857142857,1.277034259466139,0.0,0,0,0,0,0.0,1,0.0,0,easy_normal
13,0,687.8268131177686,99.55242755042231,4626.210413338733,1.540305825226517,0.02844214156100604,6,0.5233875637505301,0.18181818181818182,0.9949236325717752,0.0,0,0,0,0,0.0,0,0.0,0,easy_normal
16,0,715.198305798646,142.58737588547103,1344.4202909054252,1.2730283365896256,-0.09879497974225684,4,0.3355712647165703,0.1111111111111111,1.4270610433807247,0.5,0,0,2,0,0.0,1,0.0,0,easy_normal
16,0,355.52669335684345,191.64265928474288,0.0,1.2130075659799042,0.15728316141925697,1,0.1687636993821383,0.25,1.559581156259877,2.0,0,0,2,0,0.0,2,0.0,0,easy_normal
14,0,852.4760593699609,169.0831467025355,9688.917658875642,1.0042424730540764,-0.00959421131647637,2,0.14076641646533553,0.2857142857142857,1.5498260458782016,0.5,0,0,1,0,0.0,1,0.0,0,easy_normal
12,0,1630.9485414118153,213.61699983406058,49978.06771945,1.2730283365896258,0.06993863181454422,7,0.25751885441856487,0.0,0.6837389058487535,0.0,0,0,0,0,0.0,1,0.0,0,easy_normal
12,0,568.3804573207574,106.83440678158385,6608.927655759462,1.3030924037617193,0.10566445171861097,5,0.5278154731324608,0.1111111111111111,1.303092403761719,0.2,0,0,1,0,0.0,1,0.0,0,easy_normal
15,0,963.2128489806335,273.4664732654943,29.90166237178802,1.3296613488547582,-0.11641675264265207,2,0.1245830556838977,0.3333333333333333,1.3296613488547582,0.5,0,0,1,0,0.0,0,0.0,0,easy_normal
10,0,300.0250867910176,59.154716597942645,1016.1986334712692,1.3208883431493221,-0.06124417384467633,3,0.5999498306132612,0.25,1.4941751382893083,0.3333333333333333,0,0,1,0,0.0,1,0.0,0,easy_normal
14,0,1485.1391870058003,180.1453620807497,4546.347311153257,1.8462202193216335,-0.21000249228578857,7,0.2828017762070941,0.09090909090909091,1.1595888143086257,0.14285714285714285,0,0,1,0,0.0,1,0.0,0,easy_normal
16,0,1072.1984361898747,116.06585779559985,8418.168534542849,1.39539709232679,0.08587090314030628,8,0.44767832501762506,0.06666666666666667,1.3217558399823195,0.25,0,0,2,0,0.0,2,0.0,0,easy_normal
12,0,337.28248675641134,127.61396513131429,4.532426999900013,1.277034259466139,0.031089785963360286,2,0.3557848530886371,0.14285714285714285,1.5498260458782016,0.5,0,0,1,0,0.0,2,0.0,0,easy_normal
5,1,711.1576890825904,12.719806989919844,73.96638668975066,1.6631079775527589,-0.06790179185623381,38,3.2060400035064682,0.0,1.6841643984907306,0.3157894736842105,6,4,2,24,0.631578947368421,7,12.732383098778916,1,A0
11,0,608.6303185617238,86.45313403057766,6164.174467563465,1.310783678099714,0.02566728018421772,6,0.5914920585138266,0.1111111111111111,1.0027182645175161,0.0,0,0,0,0,0.0,1,0.0,0,easy_normal
15,0,349.7354791273163,251.7399585266972,0.0,0.7963116401738131,0.2514389912843518,1,0.17155823066540482,0.2857142857142857,1.5498260458782016,1.0,0,0,1,0,0.0,2,0.0,0,easy_normal
12,0,451.32732065193414,106.60405231144061,4541.447330292488,1.15374194270109,0.04484847192865435,4,0.5317648389938467,0.0,1.15374194270109,0.25,0,0,1,0,0.0,1,0.0,0,easy_normal
12,0,636.1678586283526,209.69276314112957,595.2654415657166,1.15374194270109,0.0004914733921545628,2,0.18862946056208044,0.14285714285714285,1.5498260458782016,0.5,0,0,1,0,0.0,2,0.0,0,easy_normal
10,0,711.2758410254949,115.72614736039638,3848.715313407837,1.5498260458782016,-0.24265354929942484,4,0.3374218357451529,0.14285714285714285,1.15374194270109,0.25,0,0,1,0,0.0,0,0.0,0,easy_normal
15,0,703.9429219566534,105.50258880471844,2666.278705008348,1.515707952085713,-0.04416980580819525,5,0.426170916196062,0.2727272727272727,1.2406842919533958,0.0,0,0,0,0,0.0,2,0.0,0,easy_normal
11,0,649.9709825446179,97.29640517006203,4236.838219593743,1.464816384890813,-0.08881350420923635,4,0.3692472532549174,0.2222222222222222,1.4270610433807247,0.25,0,0,1,0,0.0,1,0.0,0,easy_normal
16,0,516.1619718249497,11.150081872935674,34.78577667188365,1.6563005602452534,-0.10068399890137099,23,2.673579371066125,0.018518518518518517,1.7545744712042954,0.34782608695652173,3,5,0,12,0.5217391304347826,9,11.479500500728866,1,A0
12,0,840.3006158788762,116.24132262971084,2748.274429685096,1.6417347121875212,-0.09691262418533095,5,0.35701508999398734,0.09090909090909091,1.4142790651247086,0.2,0,0,1,0,0.0,2,0.0,0,easy_normal
9,0,1169.9142253112736,157.039814304909,10664.99211339981,1.2636256721237276,0.060679461503734315,5,0.2564290556601963,0.38461538461538464,1.2202821662722372,0.4,0,0,2,0,0.0,0,0.0,0,easy_normal
13,0,673.244874845682,113.246915270873,2394.477427827925,1.5832584594204766,0.02646825898248421,5,0.44560309511270263,0.16666666666666666,1.4677339293271523,0.2,0,0,1,0,0.0,2,0.0,0,easy_normal
11,0,139.2205028306254,87.27180863658587,0.0,0.8675632284814612,0.1161003111966945,1,0.4309710048454252,0.3333333333333333,1.5607104090414063,1.0,0,0,1,0,0.0,1,0.0,0,easy_normal
8,0,1142.443015147445,224.23126320065265,27512.16188585661,1.4941751382893085,0.039401282475161704,4,0.2100761235509198,0.125,1.3862943611198906,0.25,0,0,1,0,0.0,1,0.0,0,easy_normal
10,0,311.62093163087025,97.32075297024535,1200.4267282385395,1.3321790402101223,-0.1017425043274564,3,0.5776248696067007,0.0,0.9502705392332347,0.0,0,0,0,0,0.0,1,0.0,0,easy_normal
16,0,1215.572889683173,120.90854310354351,20176.76486479737,1.0913030006468518,0.14916799864990313,8,0.39487553899388733,0.14285714285714285,1.1163670752893367,0.125,0,0,1,0,0.0,0,0.0,0,easy_normal
14,0,1023.4976782842904,124.16227949700924,3463.2058260259364,1.6726254461503207,-0.15574823160143858,6,0.3517350431155596,0.0,1.1209503926735833,0.16666666666666666,0,0,1,0,0.0,1,0.0,0,easy_normal
10,0,1822.588033103315,204.79516362888256,17097.02254837307,1.4878167164014493,0.042333319425366896,8,0.2633617643054012,0.13333333333333333,1.194453006323357,0.25,0,0,2,0,0.0,0,0.0,0,easy_normal
17,0,293.1566769456471,77.16886355052581,2615.879685998918,1.0735428464085233,0.10889914898688133,3,0.6140061412736405,0.375,1.2554823251787535,0.0,0,0,0,0,0.0,1,0.0,0,easy_normal
16,0,668.3185385382844,93.17957315983001,2768.4464465145306,1.7351264569629228,-0.17033057020131362,6,0.5386652909365277,0.0,0.8486855577264172,0.3333333333333333,0,0,2,0,0.0,0,0.0,0,easy_normal
13,0,515.2875223510329,153.44304757105382,16909.35190450796,0.639031859650177,0.3101180295630913,3,0.3493195394655362,0.2,1.5571130980576455,0.6666666666666666,0,0,2,0,0.0,2,0.0,0,easy_normal
14,0,1032.421242363599,162.1516968961145,9254.19751278939,1.4142790651247086,0.04820845155588568,6,0.348694878822742,0.09090909090909091,1.1209503926735835,0.0,0,0,0,0,0.0,1,0.0,0,easy_normal
13,0,986.3832172362033,17.398531990987397,159.12978839564042,1.4209953180094546,-0.019516302705281364,36,2.189818279808341,0.0,1.7571659716811054,0.6388888888888888,14,9,0,18,0.5,10,19.288803101616995,1,A0
12,0,937.5170380159083,150.1280856198578,7741.013901114287,1.7480673485460891,-0.0064651657557136125,5,0.31999418446292754,0.1,1.3592367006650063,0.2,0,0,1,0,0.0,2,0.0,0,easy_normal
12,0,755.8361806059359,183.30578598498542,1821.8306744835734,1.3592367006650063,0.03230965122400835,3,0.23814684268712605,0.4,1.4184836619456564,0.3333333333333333,0,0,1,0,0.0,1,0.0,0,easy_normal
20,1,575.8386646333981,19.112431421485535,116.07738981649516,1.7272444330749817,-0.04461723108673357,17,1.7713294758513178,0.0,1.7871119475517432,0.6470588235294118,6,4,1,12,0.7058823529411765,10,17.519187040883644,1,A0
12,0,1461.9908927331799,186.75979989451707,15180.670034046141,1.5832584594204766,0.008250684037416103,7,0.28727949133445935,0.0,1.1187433359857524,0.14285714285714285,0,0,1,0,0.0,2,0.0,0,easy_normal
12,0,866.4983446284866,418.8542264532738,0.0,0.6931471805599453,-0.018790765648047214,1,0.06924421768598434,0.25,1.3862943611198906,1.0,0,0,1,0,0.0,0,0.0,0,easy_normal
8,0,336.4832008662862,111.28597455671407,442.4130704394184,1.0549201679861442,-0.08909984547290382,3,0.5349449825030924,0.0,0.9502705392332347,0.0,0,0,0,0,0.0,1,0.0,0,easy_normal
11,0,1049.1003412207835,141.2862786370122,9958.96741635549,1.4270610433807247,-0.06653643061625018,6,0.34315116090905723,0.0,0.8486855577264172,0.0,0,0,0,0,0.0,2,0.0,0,easy_normal
13,0,702.5786604764044,166.7724564606726,8345.973601798345,1.3321790402101223,-0.1825595106168995,4,0.3415987611084869,0.0,0.5004024235381879,0.0,0,0,0,0,0.0,0,0.0,0,easy_normal
15,0,548.3650984256442,241.81179431099034,1392.4284832863543,0.9502705392332347,0.005301224393747947,2,0.218832307790047,0.2,1.3321790402101223,0.5,0,0,1,0,0.0,0,0.0,0,easy_normal
9,0,1640.7037149224302,193.27417429438322,14991.78248512816,1.3633631023481716,0.10077516602586586,8,0.2925573920716658,0.0625,1.2996509635498974,0.125,0,0,1,0,0.0,2,0.0,0,easy_normal
14,0,1156.7025660703946,142.39582181218023,4329.02358199521,1.8200759753606217,-0.12214261654961091,7,0.36310112238001174,0.08333333333333333,1.1187433359857524,0.0,0,0,0,0,0.0,2,0.0,0,easy_normal
16,0,1324.6400919647099,299.9650155613429,29079.800144595894,1.0888999753452235,0.13863160732768595,4,0.18118128951089751,0.1,1.4708084763221114,0.5,0,0,2,0,0.0,2,0.0,0,easy_normal
20,1,1240.5485383637397,22.775610818208854,174.99705801207784,1.722217199210632,-0.13757907366176614,41,1.9829937514937497,0.0,1.6876889350760726,0.34146341463414637,8,4,2,25,0.6097560975609756,5,21.37908964661995,1,A0
14,0,183.96529205515537,68.18140332578531,0.0,1.3321790402101223,-0.07888852486832874,1,0.3261484779531737,0.2,1.6094379124341005,1.0,0,0,1,0,0.0,1,0.0,0,easy_normal
14,0,463.77087474938276,107.45284259571514,1680.205240516002,1.3030924037617193,0.0513716895632706,4,0.517496921577263,0.3333333333333333,1.2148896539491203,0.0,0,0,0,0,0.0,1,0.0,0,easy_normal
13,0,1167.6658522764096,198.84246644931167,6763.628855426173,1.329661348854758,-0.2899004492917336,3,0.15415369015809025,0.0,1.0114042647073518,0.6666666666666666,0,0,2,0,0.0,0,0.0,0,easy_normal
16,0,435.91451262154226,135.31582094626137,3969.4282540932704,1.242453324894,0.028350539222554403,3,0.41292499971496627,0.16666666666666666,1.2424533248940002,0.0,0,0,0,0,0.0,1,0.0,0,easy_normal
10,0,671.5665247218842,97.67032665654159,1979.6434503191251,1.3579778549873245,-0.023174011891338768,6,0.5360600726027652,0.08333333333333333,1.3579778549873245,0.16666666666666666,0,0,1,0,0.0,2,0.0,0,easy_normal
8,0,1434.3935359687991,267.5227569701881,21283.963101766873,1.7478680974667573,-0.11288105859263307,4,0.16731809923969182,0.14285714285714285,1.15374194270109,0.25,0,0,1,0,0.0,0,0.0,0,easy_normal
16,0,2965.157165156128,343.7287467282642,36063.993707961396,1.5857708352080968,-0.08362847080865402,7,0.1416451056744863,0.07692307692307693,1.2636256721237273,0.14285714285714285,0,0,1,0,0.0,1,0.0,0,easy_normal
8,0,740.6893181645861,90.30999455801975,791.0591715342395,1.4708084763221114,0.010037852835371631,5,0.40502811724542515,0.2,1.3592367006650063,0.2,0,0,1,0,0.0,1,0.0,0,easy_normal
1,1,449.32072350865195,17.027669241224014,287.8412393191588,1.12255158540214,0.08795470588602652,17,2.270093380147331,0.0,1.8386522197838682,0.7058823529411765,5,5,2,5,0.29411764705882354,8,17.16100567762802,1,A0
13,0,1201.3114128099828,127.26882477799779,10023.278818986153,1.4680602034990462,0.03346293340055413,8,0.39956333959837603,0.07142857142857142,1.1163670752893369,0.0,0,0,0,0,0.0,2,0.0,0,easy_normal
21,1,930.3220962716026,16.094510205638905,119.49722865684024,1.4102740143430976,0.02530055655802088,49,3.1601958201169955,0.010869565217391304,1.58351631009105,0.22448979591836735,6,5,0,27,0.5510204081632653,4,16.226460099060635,1,A0
14,0,894.5727939865899,114.56908643721097,13281.766501265913,0.8018185525433373,0.12467269517123457,4,0.2682844835135884,0.2,1.4708084763221114,0.5,0,0,2,0,0.0,1,0.0,0,easy_normal
14,0,1133.9198339350673,195.39147681334958,10611.46612947608,1.4648163848908131,-0.0464611509942509,5,0.2645689677716486,0.0,1.1490596969706202,0.2,0,0,1,0,0.0,2,0.0,0,easy_normal
10,0,785.1071980469355,163.84716357462293,6408.180976574311,1.0397207708399179,0.12823138673775522,4,0.3056907395538262,0.25,1.5171063970610277,0.5,0,0,2,0,0.0,1,0.0,0,easy_normal
12,0,966.7281233718767,125.48376787432532,6469.552263572595,1.377819508039033,0.04258026503153941,7,0.4344551377434545,0.07692307692307693,1.3038755293363848,0.2857142857142857,0,0,2,0,0.0,2,0.0,0,easy_normal
13,0,1026.929013317231,219.73005849608154,50847.3473349245,0.9002560512685369,0.1804503038136429,4,0.23370651416765556,0.0,1.2130075659799042,0.5,0,0,2,0,0.0,1,0.0,0,easy_normal
10,0,583.4888447341866,135.6047509752857,3912.6371934156505,1.1490596969706204,0.07834690980704781,4,0.41131891751818167,0.2222222222222222,1.4270610433807247,0.25,0,0,1,0,0.0,1,0.0,0,easy_normal
12,0,1532.895978973752,167.00221355679278,11629.97641488408,1.4680602034990462,0.030758298771810126,7,0.27399119428911467,0.14285714285714285,1.3316643102930148,0.14285714285714285,0,0,1,0,0.0,1,0.0,0,easy_normal
8,0,346.08462793097766,95.3044815646131,1270.5843011725858,1.3321790402101223,-0.05020228377781886,2,0.346736001299464,0.2,1.3321790402101223,0.0,0,0,0,0,0.0,1,0.0,0,easy_normal
12,0,1054.701533496536,330.94696434139905,124384.54246204997,0.7963116401738131,0.29883339161154177,3,0.17066439583458817,0.14285714285714285,1.277034259466139,0.0,0,0,0,0,0.0,2,0.0,0,easy_normal
9,0,889.328065641313,205.40609714429092,33151.64700056678,0.45056120886630463,0.30931855809175846,4,0.2698666659383239,0.3333333333333333,1.4451858789480823,0.25,0,0,1,0,0.0,1,0.0,0,easy_normal
15,0,827.508191674782,92.4034190482362,3770.53332460808,1.594166699118017,-0.14673570691630755,7,0.5075478457197723,0.0,0.9075352941050092,0.2857142857142857,0,0,2,0,0.0,0,0.0,0,easy_normal
13,0,400.60207766204644,94.78501010063395,1019.1756172250131,1.4750763110546947,-0.08820713364265684,3,0.4493236806221722,0.42857142857142855,1.0042424730540764,0.0,0,0,0,0,0.0,0,0.0,0,easy_normal
12,0,1316.0870387482341,20.324651624894592,262.23493955138406,1.4729244775790833,-0.002650449486160329,48,2.18830511600452,0.0,1.590078914500861,0.1875,4,5,0,27,0.5625,11,22.440795544254275,1,A0
10,0,794.4179633503849,109.31289710424126,3114.5005375747237,1.4377014436429414,0.024891036364130776,6,0.4531619583244732,0.2857142857142857,1.3760552852604169,0.3333333333333333,0,0,2,0,0.0,1,0.0,0,easy_normal
12,0,1065.107060907122,199.31229966426844,6035.554621125017,1.7478680974667573,-0.29838637705830845,4,0.22532946105492782,0.0,0.9556998911125343,0.25,0,0,1,0,0.0,0,0.0,0,easy_normal
14,0,343.18779069189674,125.8556294269412,0.0,0.8018185525433373,0.16235966381005532,1,0.1748313944357832,0.5,1.3592367006650063,2.0,0,0,2,0,0.0,1,0.0,0,easy_normal
9,0,983.3719988037183,130.09014637649707,7796.927555365311,1.5810937501718239,-0.010095686888368356,3,0.18304365003169887,0.2222222222222222,1.5229550675313184,0.6666666666666666,0,0,2,0,0.0,1,0.0,0,easy_normal
15,0,696.4748246839592,11.815419096382465,69.31634531571551,1.3960113546033728,-0.02131190099682846,41,3.5320731099164697,0.011627906976744186,1.7890076165036193,0.4634146341463415,12,6,1,21,0.5121951219512195,8,10.83345923311866,1,A0
2,1,761.1913760479596,11.34619767963801,42.551140760375745,1.6864140698544128,-0.12427739727343362,50,3.941190211029115,0.0,1.5726016920992478,0.28,7,6,1,34,0.68,3,11.303209290793992,1,A0
15,0,890.3076829252839,113.6665857662792,5407.300863125697,1.4142790651247086,-0.05739532112961195,6,0.4043545921306082,0.09090909090909091,1.294545165844896,0.16666666666666666,0,0,1,0,0.0,1,0.0,0,easy_normal
10,0,1810.7327804328065,249.38985323481273,23476.504016658113,1.1682824501765625,-0.0444321684476157,7,0.23195029357098756,0.0,0.8018185525433373,0.0,0,0,0,0,0.0,1,0.0,0,easy_normal
12,0,989.9658055763972,129.2030712656076,8313.187142011744,1.4241299173467734,0.005444351067180612,6,0.3636489240054042,0.08333333333333333,1.3579778549873245,0.16666666666666666,0,0,1,0,0.0,2,0.0,0,easy_normal
9,0,1376.9611065626216,138.19350223859146,10710.000246690299,1.59342423717389,-0.02538565936117456,8,0.34859372404370126,0.07142857142857142,1.2153881010836145,0.125,0,0,1,0,0.0,1,0.0,0,easy_normal
13,0,692.7164074029947,318.1356232564317,88333.46360796981,0.45056120886630463,0.31917400034549775,2,0.17323106356016885,0.16666666666666666,1.5607104090414063,0.5,0,0,1,0,0.0,1,0.0,0,easy_normal
17,0,674.1772160423149,184.75908762428548,3624.266603382484,1.0986122886681098,0.1824395836351617,3,0.2669921138193763,0.5833333333333334,1.0751393240053735,0.3333333333333333,0,0,1,0,0.0,0,0.0,0,easy_normal
21,1,435.69323586161016,9.047452603004023,30.46173479990498,1.482272404654208,-0.025382939393329525,28,3.8559239889912376,0.0,1.823546875650026,0.7857142857142857,14,6,2,16,0.5714285714285714,8,8.050148994700926,1,A0
14,0,1104.0458322224429,161.97952648061468,15632.90152561764,1.3667110520552042,0.06858302357102149,6,0.32607341968342063,0.0,1.1209503926735833,0.16666666666666666,0,0,1,0,0.0,1,0.0,0,easy_normal
13,0,1130.3747792673873,124.22647165362665,7679.056111896953,1.454867109266288,0.050583703092067125,8,0.42463792434496384,0.13333333333333333,1.1369165918330009,0.0,0,0,0,0,0.0,1,0.0,0,easy_normal
11,0,716.9581659524205,124.03539632163472,13326.786615177678,0.8369882167858358,0.21677344199127385,5,0.4184344557976747,0.25,1.308605387253449,0.0,0,0,0,0,0.0,2,0.0,0,easy_normal
15,0,217.03224661433316,98.06179987812082,0.025420378221536942,0.5982695885852573,0.15603661087698883,2,0.5529132277437108,0.2857142857142857,1.5498260458782016,0.5,0,0,1,0,0.0,1,0.0,0,easy_normal
11,0,1304.1286227152461,188.36349323451418,13103.099359048778,1.4377014436429414,0.10050721144497175,6,0.2760463912297746,0.21428571428571427,1.4377014436429414,0.3333333333333333,0,0,2,0,0.0,1,0.0,0,easy_normal
11,0,178.22528256998112,62.756317800010116,235.0201953825745,1.3321790402101223,-0.0907116778809056,2,0.673305146551704,0.0,1.3321790402101223,0.5,0,0,1,0,0.0,1,0.0,0,easy_normal
22,1,940.9857483759341,16.759583177366903,146.15463422507074,1.4490126992570158,-0.06300362565446287,41,2.6142797637963833,0.0,1.6625220026247933,0.36585365853658536,10,3,2,21,0.5121951219512195,3,17.63661238654053,1,A0
10,0,253.5760811789986,71.11520254986594,542.2713122601244,1.4750763110546947,-0.02956321782151106,3,0.7098461304516278,0.14285714285714285,1.4750763110546947,0.3333333333333333,0,0,1,0,0.0,1,0.0,0,easy_normal
12,0,874.5106083234654,102.20412297099662,4862.3044301269565,1.377819508039033,0.02255162339513143,8,0.5488784188910112,0.0,1.0317671113505356,0.125,0,0,1,0,0.0,1,0.0,0,easy_normal
5,1,327.5566234809102,6.987536026330306,22.69681863081875,1.4455922304151236,-0.0973247622199323,30,5.49523310159809,0.01694915254237288,1.7911169655791186,0.5666666666666667,11,5,1,14,0.4666666666666667,4,7.24770018297101,1,A0
13,0,644.3137851172125,70.95795091596725,1160.9143418231918,1.6326309271543518,-0.14459968263347261,7,0.6518562999914619,0.08333333333333333,1.2342678660790767,0.2857142857142857,0,0,2,0,0.0,1,0.0,0,easy_normal
9,0,945.6475985584595,88.93366241799177,9152.687101208861,1.069917341816382,0.10329344404895961,7,0.44414007992009485,0.1875,1.3686896376228384,0.14285714285714285,0,0,1,0,0.0,1,0.0,0,easy_normal
10,0,551.7502344755757,62.02005795297168,2116.2658746560587,1.5832584594204766,-0.0007753373648227452,7,0.7612139945879663,0.08333333333333333,1.1187433359857524,0.0,0,0,0,0,0.0,2,0.0,0,easy_normal
11,0,668.1877648226633,81.47806076998121,3311.3885037177893,1.377819508039033,0.021409812452958872,7,0.6285658345023241,0.15384615384615385,1.1569876443452742,0.14285714285714285,0,0,1,0,0.0,0,0.0,0,easy_normal
16,0,448.6491577398684,109.59818963546469,1168.9654634029132,1.3862943611198906,-0.03648354857939584,3,0.40120436402193344,0.25,1.4941751382893083,0.3333333333333333,0,0,1,0,0.0,1,0.0,0,easy_normal
17,0,919.6041382562425,169.79978275816453,14365.779351045345,1.0114042647073516,-0.18815602599851347,4,0.2609818616683142,0.0,0.8675632284814612,0.25,0,0,1,0,0.0,0,0.0,0,easy_normal
11,0,719.1133674101394,84.56296990011172,1876.198020760707,1.545422903193594,-0.14009262027981723,7,0.5840525555971998,0.0,1.0751393240053735,0.14285714285714285,0,0,1,0,0.0,1,0.0,0,easy_normal
14,0,382.8730100025103,14.598117168148168,142.1019984375202,1.339485882753652,0.008106493766914072,16,2.5073587714989514,0.0,1.8047331864700837,0.75,4,7,1,9,0.5625,3,11.787123462471616,1,A0
15,0,1521.9681416990195,207.00930600736066,9995.907723726677,1.5857708352080968,-0.008735254775214174,6,0.236535831556974,0.3076923076923077,1.2047933096947843,0.16666666666666666,0,0,1,0,0.0,0,0.0,0,easy_normal
14,0,486.76214766179646,213.37786662170194,2722.762239513638,1.15374194270109,0.1587834568363899,2,0.24652697539533472,0.42857142857142855,1.277034259466139,0.5,0,0,1,0,0.0,0,0.0,0,easy_normal
10,0,1041.3659771421874,160.79920769015473,3448.5193711749357,1.377819508039033,-0.004017760320198518,5,0.288083158644464,0.3076923076923077,1.4127446368638479,0.2,0,0,1,0,0.0,1,0.0,0,easy_normal
11,0,224.51310526427915,66.18472779778895,603.8652283669282,1.0549201679861442,-0.08369498122376035,2,0.5344899570951346,0.0,1.3321790402101223,0.5,0,0,1,0,0.0,1,0.0,0,easy_normal
13,0,607.6107963930584,226.60353222435373,10557.569129915213,0.9556998911125343,0.11166167962055255,2,0.19749484491117072,0.2857142857142857,1.5498260458782016,0.5,0,0,1,0,0.0,1,0.0,0,easy_normal
10,0,1161.929650073586,164.7738814317778,18159.88535167507,1.4681399390162087,0.07189002742865233,6,0.3098294289823837,0.0,1.1685184057430877,0.16666666666666666,0,0,1,0,0.0,2,0.0,0,easy_normal
1,1,378.1208271180513,9.40345334278858,42.18168117947753,1.4684998368651425,-0.17303506994054305,22,3.4909476160325044,0.0,1.7766881346040027,0.5454545454545454,6,4,2,12,0.5454545454545454,3,10.33843812664712,1,A0
10,0,491.9339434221008,101.74163175785185,5002.25752309066,0.9502705392332347,-0.14335053217699434,2,0.24393519008920014,0.2,1.3321790402101223,0.5,0,0,1,0,0.0,0,0.0,0,easy_normal
10,0,806.8419372408364,78.44852997379837,2945.0577992278063,1.5110861760736112,-0.06476287912565368,6,0.4461840459496872,0.25,1.4941751382893083,0.3333333333333333,0,0,2,0,0.0,2,0.0,0,easy_normal
10,0,1313.8540276118567,179.86486709195566,9684.485266695561,1.540305825226517,-0.03189357561324615,7,0.31967021539174967,0.09090909090909091,1.1595888143086257,0.14285714285714285,0,0,1,0,0.0,1,0.0,0,easy_normal
15,0,749.0790387256872,135.41587963139116,5689.503862045533,1.6769877743224175,-0.005260758358807193,5,0.4004917832307146,0.2222222222222222,1.1490596969706202,0.0,0,0,0,0,0.0,1,0.0,0,easy_normal
12,0,351.5539562890521,88.87305544362867,261.5560308391302,1.277034259466139,-0.15420205718820004,3,0.5120124429832947,0.14285714285714285,1.4750763110546947,0.3333333333333333,0,0,1,0,0.0,1,0.0,0,easy_normal
10,0,374.0876447005965,333.72186880286097,0.0,0.6365141682948128,0.0861326177861361,1,0.16039022098156006,0.0,1.0986122886681096,0.0,0,0,0,0,0.0,1,0.0,0,easy_normal
8,0,1666.9587027426257,259.9420399784433,70912.53364283286,1.2275294114572126,0.13859937497418173,5,0.17996846562930074,0.1,1.3592367006650063,0.2,0,0,1,0,0.0,2,0.0,0,easy_normal
12,0,953.5269753121306,109.59597349169069,7326.75702684688,1.4451858789480827,-0.0047526932116914965,7,0.4404699718773198,0.08333333333333333,1.2342678660790767,0.14285714285714285,0,0,1,0,0.0,1,0.0,0,easy_normal
16,0,609.788116853334,308.5113450069685,0.0,0.9002560512685369,0.1382929837822401,1,0.0983948331259974,0.375,1.4941751382893085,1.0,0,0,1,0,0.0,2,0.0,0,easy_normal
10,0,1283.2577346907603,162.19175534558025,16546.602111427794,1.4241299173467734,0.06134550080870337,7,0.32729200740115677,0.16666666666666666,1.2342678660790765,0.14285714285714285,0,0,1,0,0.0,1,0.0,0,easy_normal
22,1,409.5599131446347,9.323278214403025,28.270678187074417,1.5764124871497558,-0.046474655112509485,25,3.6624678144959955,0.0,1.7341766757570356,0.64,12,4,0,10,0.4,11,10.54702283714862,1,A0
23,1,984.8544134195098,18.12412567399829,181.483978368422,1.5346297756249792,-0.06858593600565219,38,2.315062986907496,0.0,1.6408212238728002,0.34210526315789475,8,4,1,27,0.7105263157894737,5,20.389065745845617,1,A0
8,0,812.2451968853117,131.5293755537568,4822.906857145937,1.7328679513998633,-0.12181876695928318,6,0.4432159172876361,0.0,0.7356219397587946,0.0,0,0,0,0,0.0,1,0.0,0,easy_normal
13,0,380.74614659557955,145.04997603914518,15779.491633871929,1.0397207708399179,0.04600185653726875,2,0.31517062240280913,0.0,1.0397207708399179,0.0,0,0,0,0,0.0,1,0.0,0,easy_normal
12,0,1492.8372019487672,179.6013602444336,9276.093175493808,1.7201934592198254,-0.13851251036979073,7,0.28134347097709456,0.0,1.0335620542068176,0.14285714285714285,0,0,1,0,0.0,2,0.0,0,easy_normal
11,0,1059.189153741544,136.20431438079115,16538.500300689444,1.313834033192747,0.028189876495642176,6,0.33988263449291767,0.0,1.0888999753452235,0.16666666666666666,0,0,1,0,0.0,2,0.0,0,easy_normal
13,0,225.4560007936138,98.20824198959079,1403.1125835240834,0.8675632284814612,0.12260595176046817,2,0.5322546287417296,0.16666666666666666,1.3296613488547582,0.0,0,0,0,0,0.0,2,0.0,0,easy_normal
10,0,1107.643123488925,242.640983589832,11797.460472219276,1.5810937501718239,0.030689167825411402,4,0.21667628761512342,0.0,1.2730283365896256,0.5,0,0,2,0,0.0,1,0.0,0,easy_normal
12,0,387.4074525369109,92.0580488461318,4004.3304945431078,1.1490596969706202,0.10878282516632026,3,0.46462709692671744,0.2222222222222222,1.5229550675313184,0.3333333333333333,0,0,1,0,0.0,2,0.0,0,easy_normal
14,0,752.1615258779257,79.83133065847268,6699.631147284889,1.2206072645530173,-0.021491300245113542,7,0.5583906987395753,0.0,0.8018185525433373,0.0,0,0,0,0,0.0,1,0.0,0,easy_normal
8,0,391.65637850890596,66.10316150936796,1822.6235054503454,1.4648163848908131,-0.016972031175869418,5,0.7659775672290711,0.3333333333333333,0.936888307539016,0.0,0,0,0,0,0.0,0,0.0,0,easy_normal
5,1,316.4515761039073,7.278041709716669,13.692168426773467,1.3989524986183897,-0.07985139409098128,25,4.7400617132887115,0.0,1.6993783986702264,0.48,5,7,0,17,0.68,8,8.467304086249646,1,A0
11,0,884.5241307219925,135.10052862668786,2302.8941248518145,1.7677614722893296,-0.0669707542668653,6,0.40699850631112816,0.0,1.1685184057430877,0.16666666666666666,0,0,1,0,0.0,2,0.0,0,easy_normal
12,0,718.6157855797567,293.5106356021009,13869.443636773969,1.3321790402101223,0.003896474610923397,2,0.16698770387180928,0.0,1.3321790402101223,0.5,0,0,1,0,0.0,1,0.0,0,easy_normal
11,0,1383.9760898056743,152.30668211638806,7330.09833643208,1.6681739719973967,-0.036774618783328675,8,0.3468268010810775,0.07142857142857142,1.0547209169068124,0.125,0,0,1,0,0.0,0,0.0,0,easy_normal
10,0,1298.5770227365474,126.79495885655622,8464.992991635114,1.5481155268740174,-0.011384368156160337,7,0.3234309499138649,0.125,1.4013926466081226,0.2857142857142857,0,0,2,0,0.0,1,0.0,0,easy_normal
8,0,603.1578394651689,78.78771441960434,1018.8331992147848,1.3778195080390327,-0.047646928523397095,7,0.6963351423442025,0.0,1.1972375015579317,0.2857142857142857,0,0,2,0,0.0,2,0.0,0,easy_normal
15,0,863.8771375663545,104.69938799670213,3589.5168490164265,1.594166699118017,-0.11399340931268154,6,0.4167259258812696,0.18181818181818182,1.1685184057430877,0.16666666666666666,0,0,1,0,0.0,0,0.0,0,easy_normal
10,0,1361.8635739937613,237.20088607866606,20780.893883852947,1.4735023850806486,0.07461945119299532,4,0.17622910589801813,0.16666666666666666,1.5607104090414063,0.5,0,0,2,0,0.0,2,0.0,0,easy_normal
11,0,1173.4128955260312,166.0006084768838,20686.11528472434,1.3143738430069454,0.117386070712182,6,0.3067973782907976,0.16666666666666666,1.3579778549873243,0.16666666666666666,0,0,1,0,0.0,1,0.0,0,easy_normal
0,1,519.053502698373,13.37837798040962,123.06984842507518,1.4045616702699943,0.028155028705719103,25,2.8898754987723576,0.017857142857142856,1.7495794295789833,0.64,12,2,2,15,0.6,2,13.581883163724239,1,A0
16,0,518.0829557336626,149.5196066866151,763.1746482144357,1.277034259466139,-0.04058950005278263,3,0.3474347071408673,0.2857142857142857,1.277034259466139,0.0,0,0,0,0,0.0,1,0.0,0,easy_normal
10,0,954.4590981483223,107.71432940115646,1106.9034567383144,1.8636799873410004,-0.26907459244968157,7,0.4400398097884047,0.08333333333333333,1.0751393240053735,0.14285714285714285,0,0,1,0,0.0,0,0.0,0,easy_normal
14,0,183.76386960292984,25.06434228811539,43.693821997808286,1.7328679513998633,-0.11967111051833579,2,0.6530119346054888,0.375,1.4941751382893085,0.5,0,0,1,0,0.0,1,0.0,0,easy_normal
10,0,1017.3301360867181,115.80317358654777,4561.207609082712,1.3904377949394804,-0.04895151159000518,6,0.35386742929368337,0.14285714285714285,1.4377014436429412,0.3333333333333333,0,0,2,0,0.0,1,0.0,0,easy_normal
14,0,485.93912028390923,125.0382156426109,286.90519263309284,1.7917594692280547,-0.24032936515765532,3,0.3704167713330741,0.0,1.2424533248940002,0.3333333333333333,0,0,1,0,0.0,1,0.0,0,easy_normal
19,1,539.58317510908,10.991456346695871,53.79707960513904,1.668464083013962,-0.12514087987454128,24,2.6687266512876264,0.0,1.8432038373562307,0.6666666666666666,7,7,2,9,0.375,9,11.809633051635682,1,A0
11,0,863.6334838014645,128.40467364158016,14670.527316134587,1.2275294114572126,0.08308996756115417,5,0.34736957937235924,0.2,1.2206072645530173,0.4,0,0,2,0,0.0,0,0.0,0,easy_normal
12,0,1233.167826285689,165.31735681154774,4672.066401337305,1.6762349391347309,-0.059587537468875386,7,0.34058624547888444,0.25,1.0751393240053735,0.14285714285714285,0,0,1,0,0.0,0,0.0,0,easy_normal
8,0,1180.4793107383132,127.75429123587624,2431.741238119349,1.844621476365503,-0.19257877270395998,8,0.4066144960217822,0.15384615384615385,1.072016968563193,0.125,0,0,1,0,0.0,0,0.0,0,easy_normal
11,0,1446.9011985885193,280.3972064400849,23085.931175459555,1.4708084763221114,0.04266456592420005,4,0.16587172657962046,0.2,1.4708084763221114,0.25,0,0,1,0,0.0,1,0.0,0,easy_normal
12,0,1149.3266704832524,372.66755539918086,89394.4505667844,0.9502705392332347,0.11605308948850362,3,0.15661343691286325,0.2,0.9502705392332347,0.0,0,0,0,0,0.0,0,0.0,0,easy_normal
15,0,1405.0231985671064,201.7511710983748,5051.796942041469,1.7201934592198251,-0.11380127837948525,6,0.25622352738882964,0.09090909090909091,1.294545165844896,0.16666666666666666,0,0,1,0,0.0,1,0.0,0,easy_normal
10,0,493.35857921063035,87.29679404336181,1688.9534454622844,1.3208883431493221,-0.14013478956784967,5,0.6080769903302331,0.125,0.9002560512685369,0.0,0,0,0,0,0.0,0,0.0,0,easy_normal
15,0,665.4635856970554,8.084423748088112,33.985337472607846,1.545309225142192,-0.06498536612380539,47,4.237647349322841,0.0,1.7153344842488418,0.3829787234042553,11,6,1,27,0.574468085106383,11,7.759420111111121,1,A0
12,0,714.7016078312902,111.4516423030203,5637.866560392803,1.2047933096947843,0.0859590082350882,5,0.4197555968991424,0.23076923076923078,1.4791328074296435,0.4,0,0,2,0,0.0,1,0.0,0,easy_normal
11,0,722.5530793067112,315.7966083879972,22168.447621182262,0.7963116401738131,0.2057707189518668,2,0.16607776430091456,0.2857142857142857,1.5498260458782016,0.5,0,0,1,0,0.0,1,0.0,0,easy_normal
1,1,358.26529410667,14.212833585689223,74.57454622079216,1.4165336317352233,0.0095491624411695,15,2.5121048976963807,0.0,1.7876984322529825,1.0,10,4,1,7,0.4666666666666667,9,12.02768380486644,1,A0
13,0,703.9512400397863,98.35938402747263,1864.726483734169,1.5867847075280475,0.0418694705401258,6,0.5113990565307526,0.26666666666666666,1.4368286689630319,0.16666666666666666,0,0,1,0,0.0,2,0.0,0,easy_normal
17,0,913.7842523798498,17.297339359695144,116.76334005647708,1.801762390822922,-0.10715029517000864,35,2.298135467459395,0.0,1.741933944478472,0.37142857142857144,7,5,1,20,0.5714285714285714,10,19.653272150174534,1,A0
13,0,960.678653938552,113.79641015810496,2908.0841193529845,1.8184831630123652,-0.08056601918314124,7,0.4371909360930429,0.15384615384615385,1.1972375015579317,0.0,0,0,0,0,0.0,2,0.0,0,easy_normal
8,0,648.1698971515552,121.61471206930946,1346.718423177202,1.559581156259877,-0.1720480379743381,4,0.3702732895413734,0.125,1.2130075659799042,0.0,0,0,0,0,0.0,1,0.0,0,easy_normal
8,0,128.39178284131776,23.086681202767597,75.60171123081307,1.5607104090414063,-0.10674669742513486,2,0.9346392529521195,0.3333333333333333,1.3296613488547582,0.5,0,0,1,0,0.0,0,0.0,0,easy_normal
15,0,227.12819202669306,58.61314643099409,265.6357765720184,1.3862943611198906,-0.1805744622415661,2,0.5283359979631991,0.0,1.0397207708399179,0.0,0,0,0,0,0.0,1,0.0,0,easy_normal
12,0,987.5182742378555,210.2087815288167,3431.607722706907,1.5229550675313182,-0.038502298057977204,4,0.24303347721360055,0.2222222222222222,1.4270610433807247,0.25,0,0,1,0,0.0,1,0.0,0,easy_normal
11,0,393.05989128021906,79.6920816686104,1573.7726204377886,1.242453324894,-0.2642187697384071,4,0.6105939713622419,0.16666666666666666,0.8675632284814612,0.0,0,0,0,0,0.0,0,0.0,0,easy_normal
15,0,1276.9882769258766,196.48535262868427,10652.321055364502,1.4735023850806486,0.04383551884955627,6,0.2819133162808952,0.08333333333333333,1.3579778549873245,0.16666666666666666,0,0,1,0,0.0,2,0.0,0,easy_normal
14,0,941.189480396186,278.885481092516,10245.205135030861,1.0549201679861442,-0.060044916910556294,2,0.12749823760194068,0.0,1.0549201679861442,0.0,0,0,0,0,0.0,2,0.0,0,easy_normal
15,0,1439.491265438297,181.605335122384,37667.733504948905,1.0317671113505356,0.1910961829249031,7,0.2917697453844002,0.15384615384615385,1.3038755293363848,0.14285714285714285,0,0,1,0,0.0,1,0.0,0,easy_normal
5,1,358.0946615956283,11.96707837647865,134.69477275747278,1.2180962423392234,0.14490733146931137,17,2.848408840989135,0.018867924528301886,1.8790509243184015,1.3529411764705883,11,10,2,12,0.7058823529411765,8,15.017301821397204,1,A0
12,0,402.20621312221533,134.17669604745998,91.26294487330054,1.6094379124341005,-0.21730244317069844,2,0.2983544164285113,0.0,1.3321790402101223,0.5,0,0,1,0,0.0,1,0.0,0,easy_normal
10,0,166.21053561169813,108.50902306179108,0.0,1.0397207708399179,-0.0038897434173952275,1,0.360987946878243,0.5,1.0397207708399179,0.0,0,0,0,0,0.0,0,0.0,0,easy_normal
8,0,928.8041036886274,206.8130348484288,2295.8938016100515,1.6674619334292948,-0.07898776696336744,4,0.25839679114989966,0.0,1.2130075659799042,0.25,0,0,1,0,0.0,2,0.0,0,easy_normal
10,0,2078.8525380117667,187.5462853479728,3449.2638143704444,1.6715308017791348,-0.07589192548048516,8,0.2308966082120843,0.2777777777777778,1.3650767235712218,0.25,0,0,2,0,0.0,2,0.0,0,easy_normal
12,0,1511.9869304673996,25.482653915584788,285.15552551516123,1.7859289891394448,-0.12213198847207528,47,1.8650954867237213,0.013333333333333334,1.6506661199055244,0.2127659574468085,4,4,2,26,0.5531914893617021,4,26.719811494579872,1,A0
16,0,1964.4428099958845,418.00229508015724,10237.447517436129,1.4142790651247086,0.04079828736781148,4,0.12217204735041524,0.36363636363636365,1.3896811919839047,0.25,0,0,1,0,0.0,1,0.0,0,easy_normal
13,0,474.7788010787728,9.237182992781369,34.569225878322555,1.733781591419398,-0.11363211669985006,32,4.0439884755542055,0.0,1.747947569200373,0.40625,3,8,2,19,0.59375,9,8.168499558201011,1,A0
12,0,262.833680206946,71.18154734973817,2507.497719174902,1.3321790402101223,-0.05473146238452611,3,0.6848437379040401,0.0,0.9502705392332347,0.3333333333333333,0,0,1,0,0.0,0,0.0,0,easy_normal
12,0,826.454063012699,89.10351788103344,14296.019950077796,0.7298712099831165,0.26455053902806586,8,0.5807945310961882,0.13333333333333333,1.194453006323357,0.0,0,0,0,0,0.0,2,0.0,0,easy_normal
16,0,392.11877049913403,10.114685337541,51.134376388894985,1.3644828297636822,-0.009689100712857189,29,4.437431030871405,0.0,1.745556959220843,0.6896551724137931,11,8,1,17,0.5862068965517241,3,9.07818608940337,1,A0
12,0,1588.7467357452667,254.7364072926996,14462.121524445874,1.4708084763221112,-0.028651787224859143,6,0.22659369923496792,0.2,1.0888999753452235,0.16666666666666666,0,0,1,0,0.0,0,0.0,0,easy_normal
12,0,1876.1035670153287,288.93865963016776,46633.06533454543,1.5810937501718239,-0.026534978987044173,5,0.15990588434159128,0.0,1.1490596969706202,0.2,0,0,1,0,0.0,2,0.0,0,easy_normal
12,0,2798.991764299362,471.22729672647455,77890.18806632904,1.5047882836811908,0.009992882614327594,5,0.10718145148779865,0.1,1.3592367006650063,0.4,0,0,2,0,0.0,1,0.0,0,easy_normal
11,0,126.90563263668164,85.73936648180393,0.0,0.8675632284814612,0.17023328137806806,1,0.47279225321522256,0.6666666666666666,0.8675632284814612,0.0,0,0,0,0,0.0,0,0.0,0,easy_normal
11,0,1211.8932408193323,264.94183339281193,12481.254414286801,1.3592367006650063,0.056741439579021544,3,0.14852793458795616,0.3,1.5047882836811908,0.6666666666666666,0,0,2,0,0.0,1,0.0,0,easy_normal
21,1,904.7159089161784,14.670645090887028,176.90767251163084,1.0971724261858606,0.04921970998731895,48,3.183319726797057,0.011363636363636364,1.722922509965304,0.2916666666666667,7,6,1,20,0.4166666666666667,8,16.18264390218986,1,A0
12,0,494.84422250063375,72.77399941742435,450.14106353652977,1.4270610433807247,-0.2348362976655132,5,0.6062513945984603,0.1111111111111111,1.1490596969706202,0.0,0,0,0,0,0.0,2,0.0,0,easy_normal
12,0,756.3625147233207,140.92234888911273,3522.48288043232,1.3667110520552042,0.05960926091738574,5,0.39663520356999815,0.2727272727272727,1.3667110520552042,0.2,0,0,1,0,0.0,1,0.0,0,easy_normal
19,1,399.9215281737348,12.369228370761665,63.998010940307154,1.6751177796613925,-0.054567888822344014,22,3.300647519596801,0.0,1.7228541013578589,0.4090909090909091,4,5,0,9,0.4090909090909091,8,10.211741204568987,1,A0
23,1,435.7900238285964,13.366557537312444,81.53544467408966,1.5695598289320474,-0.0829633903630984,22,3.028981683433805,0.023809523809523808,1.7080043067836217,0.2727272727272727,3,2,1,15,0.6818181818181818,3,15.22324831310065,1,A0
15,0,989.0633849260981,126.6229294336363,2612.4268252272786,1.6151195500604119,0.009715366383012607,7,0.42464416982879416,0.06666666666666667,1.3953970923267898,0.2857142857142857,0,0,2,0,0.0,2,0.0,0,easy_normal
22,1,394.8048302773883,9.967500193732825,65.23354589828934,1.0722261838182932,0.10019664816425825,24,3.6473717887095294,0.04,1.841998234183825,0.625,8,6,1,13,0.5416666666666666,2,11.077097523186607,1,A0
2,1,309.9157243945276,18.886995566385444,36.91935088015346,1.7205917863027964,-0.013434118515934129,10,1.9360101884865657,0.0,1.7639403260214093,1.1,6,4,1,5,0.5,12,18.339063512971364,1,A0
4,1,481.29914903012775,20.062835486048133,802.154462000312,0.8195581862290664,0.18964523653007645,12,1.4959511178253306,0.02631578947368421,1.919368751395474,1.1666666666666667,9,3,2,5,0.4166666666666667,7,28.998873613168826,1,A0
9,0,991.1355901839796,133.13191139894394,7340.69926864904,1.6957425341696346,-0.09436364603827167,6,0.3632197285269263,0.0,0.8979457248567798,0.0,0,0,0,0,0.0,1,0.0,0,easy_normal
13,0,399.38298474156466,277.13450107798434,0.0,0.7963116401738131,0.23590903503980243,1,0.15023173818690647,0.2857142857142857,1.5498260458782016,2.0,0,0,2,0,0.0,1,0.0,0,easy_normal
20,1,735.5121369063327,15.323147881828763,173.55923664355845,1.2612378640527075,0.062194345022130816,39,3.181456678393328,0.0136986301369863,1.693545842907499,0.41025641025641024,9,6,1,27,0.6923076923076923,3,16.188675097104074,1,A0
14,0,1944.9902850905,208.07781509641063,33782.0081266816,1.3522093992338284,0.04339624947245944,7,0.21593938191853615,0.08333333333333333,1.2342678660790767,0.2857142857142857,0,0,2,0,0.0,1,0.0,0,easy_normal
10,0,912.1423156502224,99.95941218310524,12062.167699472202,0.994353691762369,0.15809470902617634,7,0.4604544628549572,0.14285714285714285,1.232643284498737,0.0,0,0,0,0,0.0,2,0.0,0,easy_normal
15,0,1617.6321859050245,275.4312290700574,16500.30620782881,1.9061547465398496,-0.14006889792471117,5,0.18545625057043333,0.0,1.0735428464085233,0.2,0,0,1,0,0.0,1,0.0,0,easy_normal
13,0,361.7248432153889,49.563217000206215,819.779606964386,1.6094379124341003,-0.11753344749868586,6,0.9952316152795682,0.1,1.0888999753452235,0.0,0,0,0,0,0.0,1,0.0,0,easy_normal
11,0,815.6035673452075,116.86949799729206,7817.832807076324,1.4184836619456564,0.017195262342427704,6,0.4413909090317019,0.0,0.9502705392332347,0.0,0,0,0,0,0.0,2,0.0,0,easy_normal
8,0,1602.111938596787,501.21494820024986,71566.94866358361,1.242453324894,0.0620143943458779,3,0.11235170006763283,0.16666666666666666,1.242453324894,0.0,0,0,0,0,0.0,1,0.0,0,easy_normal
11,0,3058.7490100732184,381.1032177853172,80462.95428046609,1.4377014436429414,0.09002523985851736,7,0.13731103749174448,0.14285714285714285,1.3316643102930148,0.14285714285714285,0,0,1,0,0.0,1,0.0,0,easy_normal
11,0,573.6480086556346,16.10416110743457,81.38212968947266,1.7230155103560585,-0.022053797856782728,25,2.6148439066585545,0.015625,1.8870861577753932,0.96,13,9,2,15,0.6,7,15.37474480158323,1,A0
9,0,493.39625710865045,126.82472041076224,973.6128524287021,1.3321790402101223,-0.23562544887905243,2,0.24321222196376507,0.2,1.3321790402101223,0.5,0,0,1,0,0.0,0,0.0,0,easy_normal
16,0,2210.275255706618,274.48208067279825,50306.321298615396,1.6769877743224175,-0.03997107103105411,8,0.2171675219005904,0.0,0.34883209584303193,0.0,0,0,0,0,0.0,0,0.0,0,easy_normal
5,1,769.2735470051103,11.862784491321998,84.70308035714525,1.5650669511791628,-0.07692586813479839,39,3.0418308404207424,0.0,1.7597450659192433,0.41025641025641024,6,8,2,23,0.5897435897435898,9,11.421207645611782,1,A0
9,0,790.0613125557311,252.78421670480688,6670.880846495064,1.15374194270109,0.0800008298262685,3,0.2278304191578837,0.2857142857142857,1.277034259466139,0.0,0,0,0,0,0.0,1,0.0,0,easy_normal
11,0,1239.6294936211495,158.17040990551646,1483.8634854038223,1.6094379124341005,-0.3532812530523142,5,0.24200779470295883,0.1,1.2206072645530175,0.4,0,0,2,0,0.0,0,0.0,0,easy_normal
10,0,149.7711610903221,46.08054580011088,0.0,0.9502705392332347,-0.0696689972153326,1,0.40061116948820313,0.4,1.3321790402101223,0.0,0,0,0,0,0.0,1,0.0,0,easy_normal
9,0,366.8414008402549,98.8497581304128,3410.534923427553,1.6094379124341005,-0.11367809021151516,3,0.4906752607195036,0.0,0.9502705392332347,0.3333333333333333,0,0,1,0,0.0,0,0.0,0,easy_normal
21,1,1213.3947049857693,21.631467881713284,210.07878306586213,1.4923857031710535,0.03771985858510219,46,2.2746102225923006,0.010526315789473684,1.784214271889457,0.43478260869565216,12,7,1,20,0.43478260869565216,10,19.433869311803257,1,A0
10,0,1439.8936576512044,441.47379117849056,31223.498227307016,1.15374194270109,0.06857984928994378,3,0.12500923178842327,0.14285714285714285,1.4750763110546947,0.3333333333333333,0,0,1,0,0.0,1,0.0,0,easy_normal
16,0,639.596324638257,148.5898371403146,19807.736839877558,0.7963116401738131,0.15656902188185717,4,0.3752366778150879,0.2857142857142857,0.9556998911125343,0.0,0,0,0,0,0.0,0,0.0,0,easy_normal
22,1,356.54809813577333,15.697393844205411,71.97542144414615,1.2137480638074338,0.08029819076118658,13,2.1876431372885246,0.0,1.8710299723509443,1.3076923076923077,9,6,2,5,0.38461538461538464,8,17.742871390996886,1,A0
10,0,1416.7941913426498,201.60736119527033,2055.4999753360903,1.515707952085713,-0.1803539823491406,6,0.25409477410324477,0.09090909090909091,1.1209503926735835,0.0,0,0,0,0,0.0,1,0.0,0,easy_normal
13,0,138.13175054336833,1.7323799533150785,0.0,0.9502705392332347,0.08525260377055958,1,0.4343679115335774,0.2,1.3321790402101223,2.0,0,0,2,0,0.0,0,0.0,0,easy_normal
12,0,412.59724393256056,10.334169300839049,82.29400519702922,1.152947308768326,0.0438631413418078,25,3.635506591617409,0.0,1.710033206723017,0.6,12,3,0,13,0.52,8,10.789397408515809,1,A0
10,0,777.3846163343102,141.83267148920453,1280.6624915028606,1.4708084763221114,-0.05386410853162582,5,0.38590936030432915,0.3,1.1682824501765625,0.0,0,0,0,0,0.0,1,0.0,0,easy_normal
10,0,238.30374852017312,10.702228091674542,57.44499540506932,1.3398884091528191,0.018414791023183844,17,4.280251596267501,0.0,1.739169437282707,0.47058823529411764,3,5,0,8,0.47058823529411764,6,13.300346346694266,1,A0
12,0,1849.9046890400405,190.32803957831453,12717.359392404669,1.6326309271543518,-0.13158383765463882,7,0.22703872393444657,0.0,0.9596147939120492,0.2857142857142857,0,0,2,0,0.0,0,0.0,0,easy_normal
11,0,885.7411187215612,15.32844655335502,95.19623941182631,1.5394946222607448,-0.09942211441172202,44,2.9805548643947533,0.0,1.6554358229151263,0.4318181818181818,14,5,0,22,0.5,6,13.029028084174216,1,A0
13,0,1952.8247155083427,155.06817853422723,11569.707185657757,1.6052071074554588,-0.027529594836920693,8,0.24579779034343616,0.07692307692307693,0.8587409130062869,0.0,0,0,0,0,0.0,0,0.0,0,easy_normal
10,0,343.91472083572484,107.91098500715024,53.305807340368766,1.0549201679861442,-0.17515601334832942,3,0.5233855636147057,0.0,0.9502705392332347,0.0,0,0,0,0,0.0,1,0.0,0,easy_normal
21,1,559.5511628270401,12.41321607608773,76.9245642483767,0.9460541721786261,0.15311676263496685,23,2.4662624111578597,0.0,1.7548660384547345,0.9130434782608695,12,9,0,16,0.6956521739130435,9,14.146570222824987,1,A0
10,0,704.281529904471,82.44862204622419,4809.651238488772,1.4105135571148382,0.09249073944356873,8,0.6815456314254151,0.0,0.9251290835720822,0.0,0,0,0,0,0.0,2,0.0,0,easy_normal
8,0,160.09204084842287,44.05947601947883,0.0,1.3862943611198906,-0.4004047207634571,1,0.3747844032846626,0.25,1.3862943611198906,1.0,0,0,1,0,0.0,0,0.0,0,easy_normal
0,1,388.36247698085776,9.819547904357663,55.82329537554954,1.4655804772688243,-0.031393160873074595,25,3.8623710809062906,0.0,1.8187089340809026,0.56,5,7,2,12,0.48,6,9.254126027080272,1,A0
14,0,1107.6117663060581,193.02083686143425,11464.374618298301,1.4941751382893085,-0.1094888208264168,5,0.27085302732067873,0.0,0.9002560512685369,0.2,0,0,1,0,0.0,0,0.0,0,easy_normal
10,0,657.7486089069109,69.58606341336207,4061.422728373453,1.1209503926735833,0.10683983818335996,5,0.45610130669612414,0.36363636363636365,1.162225544921092,0.0,0,0,0,0,0.0,1,0.0,0,easy_normal
13,0,530.6341643573247,226.05449669619105,1855.31932307015,1.3321790402101223,-0.010588137600062242,2,0.22614450418083706,0.0,1.3321790402101223,0.5,0,0,1,0,0.0,1,0.0,0,easy_normal
11,0,1138.6894376366602,160.66611545010537,14293.616577225697,1.1786549963416462,0.10904877728899827,5,0.26346077348591845,0.3076923076923077,1.4127446368638479,0.2,0,0,1,0,0.0,2,0.0,0,easy_normal
14,0,303.78823487555553,131.42555112481077,0.0,1.2130075659799042,0.06546375739304225,1,0.19750600290553888,0.375,1.4941751382893085,2.0,0,0,2,0,0.0,1,0.0,0,easy_normal
11,0,1094.4280280233572,139.77954527594838,2565.0058377269024,1.5832584594204766,-0.013851941741360008,5,0.27411578680219745,0.16666666666666666,1.4677339293271523,0.4,0,0,2,0,0.0,2,0.0,0,easy_normal
11,0,879.6093388787009,136.8624898210015,6552.258786311392,1.2148896539491205,0.003920243009601009,3,0.20463629937064845,0.3333333333333333,1.464816384890813,0.3333333333333333,0,0,1,0,0.0,1,0.0,0,easy_normal
12,0,1431.025664781838,166.6436583187106,25149.11252853251,1.2342678660790765,0.10067471860170277,8,0.3354237536146333,0.08333333333333333,0.8239592165010823,0.0,0,0,0,0,0.0,0,0.0,0,easy_normal
13,0,634.86612162386,179.65155693571577,1110.6252183751128,1.4750763110546947,-0.036165314031158,3,0.28352434295847473,0.42857142857142855,1.0042424730540764,0.0,0,0,0,0,0.0,0,0.0,0,easy_normal
1,1,1077.052018198004,18.96060434033947,105.33608909409644,1.9090573347805007,-0.11632406643268145,42,2.3397198625709517,0.012345679012345678,1.781083505118683,0.38095238095238093,11,3,2,21,0.5,11,18.568436128839068,1,A0
13,0,898.4361259217252,115.86501539607808,4297.711490042234,1.5941666991180168,-0.08583109189130789,6,0.40069626500233185,0.09090909090909091,1.294545165844896,0.16666666666666666,0,0,1,0,0.0,1,0.0,0,easy_normal
10,0,504.892815132406,81.03154967586198,1995.8716153108853,1.4941751382893085,-0.04938555888062094,4,0.47534841615256707,0.0,1.2130075659799042,0.5,0,0,2,0,0.0,1,0.0,0,easy_normal
11,0,1547.1994119682058,194.79862138167377,9561.236969921538,1.6731183626432506,0.0127724886528128,7,0.27145822106131384,0.14285714285714285,1.3690391777047681,0.2857142857142857,0,0,2,0,0.0,1,0.0,0,easy_normal
12,0,376.1759801735257,91.96603576903057,3339.4879809235704,1.15374194270109,0.13121743163489552,2,0.31899963401343534,0.2857142857142857,1.5498260458782016,0.5,0,0,1,0,0.0,1,0.0,0,easy_normal
9,0,529.6784647864504,166.16887852193116,1391.3808152536012,1.3862943611198906,0.0416169193808961,2,0.22655253701579164,0.125,1.559581156259877,1.0,0,0,2,0,0.0,2,0.0,0,easy_normal
17,0,747.7427522887008,178.69301395455273,3755.7460388819245,1.4750763110546947,-0.056660022475760706,4,0.320965999690943,0.0,1.1537419427010902,0.25,0,0,1,0,0.0,1,0.0,0,easy_normal
14,0,797.2616185207539,172.9342154763296,3862.7211679886987,1.351783994289646,-0.13615691071417158,4,0.30103042015906656,0.14285714285714285,1.1537419427010902,0.0,0,0,0,0,0.0,1,0.0,0,easy_normal
1,1,993.9284978650877,16.32182821272144,136.55858118277126,1.6439724661558044,-0.016036208556551957,44,2.6561266788009372,0.0,1.7298548387967676,0.4090909090909091,12,5,1,23,0.5227272727272727,10,16.646168354608896,1,A0
10,0,472.0307754570407,107.8285580880061,2018.0518558692086,1.3030924037617193,0.05060559055463053,4,0.5084414247516416,0.1111111111111111,1.4270610433807247,0.25,0,0,1,0,0.0,2,0.0,0,easy_normal
10,0,696.3087877324973,88.37974430183294,3996.375010923964,1.4708084763221114,-0.002316554247970772,5,0.4308433345742173,0.3,1.1682824501765625,0.0,0,0,0,0,0.0,1,0.0,0,easy_normal
5,1,549.492208963041,14.20694249115544,93.94865720411794,1.5889176858832652,-0.12090585530863768,25,2.72979302623905,0.02,1.836782727736639,0.44,3,6,2,15,0.6,5,12.580885754631337,1,A0
17,0,558.2604160341496,105.29374875213884,5009.718762107239,1.0114042647073516,-0.140079859677551,5,0.5373836141404813,0.0,0.45056120886630463,0.0,0,0,0,0,0.0,0,0.0,0,easy_normal
23,1,446.41225948086293,20.357268526511838,91.59568392091172,1.5040459448926615,-0.10833555056586329,14,1.8816687538483912,0.0,1.7250275955593408,0.5714285714285714,4,3,1,5,0.35714285714285715,12,25.979537711589092,1,A0
10,0,1745.5104257169871,202.85108075417298,15113.298660083283,1.660947433286918,-0.08285760788024596,7,0.24061729670132476,0.0,1.0751393240053735,0.14285714285714285,0,0,1,0,0.0,1,0.0,0,easy_normal
3,1,276.9842625236791,14.485466340715798,35.552547875259954,1.8913161907212288,-0.1271019624318099,12,2.5994256620931595,0.0,1.8124196878169256,0.8333333333333334,7,2,1,7,0.5833333333333334,5,14.963007491173238,1,A0
8,0,424.4422130537997,297.30171478024135,0.0,0.9502705392332347,0.12247711208552081,1,0.14136199971324426,0.2,1.6094379124341005,1.0,0,0,1,0,0.0,1,0.0,0,easy_normal
15,0,212.31427981107146,27.943782285336155,0.0,1.5607104090414063,-0.21600039976759927,1,0.2825999271146114,0.16666666666666666,1.5607104090414063,2.0,0,0,2,0,0.0,1,0.0,0,easy_normal
15,0,763.1770999143814,83.21754557124696,1540.5586454543336,1.6434177197931796,-0.18162539624341287,6,0.47171226710076514,0.0,0.9502705392332347,0.3333333333333333,0,0,2,0,0.0,0,0.0,0,easy_normal
22,1,811.7010405563632,13.164423615619654,81.96667844750465,1.710928979788782,-0.11329437329855924,40,2.9567536322917256,0.0,1.6786578983358407,0.3,5,6,1,25,0.625,7,11.012999768043745,1,A0
10,0,1052.0871732851665,182.4744700745253,6843.649540242395,1.945910149055313,-0.23901083024728817,5,0.2851474741044918,0.0,0.796311640173813,0.2,0,0,1,0,0.0,0,0.0,0,easy_normal
14,0,366.340145224715,86.40798237241758,335.47911432366703,1.277034259466139,-0.14778318463882428,3,0.4913466414923951,0.2857142857142857,1.277034259466139,0.3333333333333333,0,0,1,0,0.0,0,0.0,0,easy_normal
15,0,830.0851066494495,114.26544839152984,13368.525500886957,1.072016968563193,0.22460106228249382,7,0.5059722149398457,0.15384615384615385,1.1972375015579317,0.0,0,0,0,0,0.0,2,0.0,0,easy_normal
13,0,235.68574000111633,150.15378249698196,0.0,0.8675632284814612,0.15699657162762684,1,0.2545762845037456,0.16666666666666666,1.5607104090414063,1.0,0,0,1,0,0.0,2,0.0,0,easy_normal
8,0,460.3870053727183,144.71563669268042,11612.664836333914,1.0549201679861442,0.06790015516104801,3,0.39097541394391944,0.0,0.9502705392332347,0.0,0,0,0,0,0.0,1,0.0,0,easy_normal
13,0,1276.480059443957,219.47510423869736,56215.01685048451,0.5660857389596289,0.2599652609031338,5,0.2350212976540205,0.08333333333333333,1.4677339293271523,0.4,0,0,2,0,0.0,2,0.0,0,easy_normal
15,0,823.4075811270332,13.261397275476227,75.8341822993173,1.6265681890536623,-0.07847102237021515,46,3.3519244457553694,0.0,1.6606534220666715,0.3695652173913043,8,9,0,27,0.5869565217391305,6,14.053203176966964,1,A0
10,0,1481.2810175988204,172.0154799248438,16709.35607978795,1.605207107455459,0.012901688450621033,7,0.2835383664612313,0.07692307692307693,1.3038755293363848,0.2857142857142857,0,0,2,0,0.0,1,0.0,0,easy_normal
15,0,463.9249283589077,92.57870645767308,1357.5416515328398,1.3592367006650063,-0.00541242443351185,4,0.5173250785401384,0.3,1.2798542258336676,0.25,0,0,1,0,0.0,0,0.0,0,easy_normal
11,0,636.7001982649952,186.6765608494744,28204.996070354577,0.9556998911125343,0.20698095481226456,3,0.2827076236044831,0.0,1.277034259466139,0.3333333333333333,0,0,1,0,0.0,2,0.0,0,easy_normal
8,0,524.1664498091418,190.82836925731414,1672.8252226372124,1.242453324894,-0.0019270980372290266,2,0.22893491188475362,0.16666666666666666,1.5607104090414063,0.5,0,0,1,0,0.0,1,0.0,0,easy_normal
12,0,541.4491252323533,69.72969681119955,1247.9327188927678,1.438882950216986,-0.10283740885574524,4,0.44325494089035283,0.3076923076923077,1.4985690796770057,0.5,0,0,2,0,0.0,2,0.0,0,easy_normal
13,0,504.1862526761894,149.4118126257592,12484.195870593387,1.277034259466139,0.16284927661055262,3,0.3570109241268899,0.2857142857142857,1.277034259466139,0.0,0,0,0,0,0.0,1,0.0,0,easy_normal
13,0,1283.9050362470311,196.9431395481349,18396.298117084756,1.294545165844896,0.0674414142543197,6,0.28039456956435976,0.09090909090909091,1.294545165844896,0.16666666666666666,0,0,1,0,0.0,2,0.0,0,easy_normal
10,0,570.1169407408247,237.7284149112301,672.6374795209023,0.7963116401738131,0.10345587313680338,2,0.21048313323941734,0.2857142857142857,1.5498260458782016,0.5,0,0,1,0,0.0,1,0.0,0,easy_normal
17,0,352.914384757247,150.07216539044543,11518.50161748848,1.0549201679861442,0.1454324275596723,2,0.34002581130985154,0.2,1.3321790402101223,0.0,0,0,0,0,0.0,1,0.0,0,easy_normal
16,0,322.44059591609874,82.63834241064201,2172.4013227285095,1.4750763110546947,0.014327961531108725,3,0.558242362406616,0.0,1.277034259466139,0.3333333333333333,0,0,1,0,0.0,2,0.0,0,easy_normal
11,0,1364.6833094979427,196.11531664435338,15659.878590862507,1.5047882836811908,-0.04794475133522481,6,0.2637974667781651,0.2,1.0888999753452235,0.16666666666666666,0,0,1,0,0.0,0,0.0,0,easy_normal
12,0,2484.1036882968924,376.2730959030547,111925.74271396859,1.4648163848908131,0.022954045029001124,5,0.12076790570915369,0.0,0.9950269901795212,0.4,0,0,2,0,0.0,0,0.0,0,easy_normal
17,0,278.63687828584665,107.27156446679525,8881.195239244125,0.9502705392332347,0.1421873355669602,2,0.430668046305396,0.2,1.3321790402101223,0.0,0,0,0,0,0.0,1,0.0,0,easy_normal
13,0,404.15639800413936,97.40115721444452,2007.482598127479,1.3862943611198906,0.035295983190032854,3,0.445372140312267,0.375,1.2554823251787535,0.3333333333333333,0,0,1,0,0.0,0,0.0,0,easy_normal
14,0,985.9733735535382,98.58524273486891,991.3447549405249,1.762314710836667,-0.11071642167131782,8,0.48682856238808575,0.23529411764705882,1.202278801562227,0.125,0,0,1,0,0.0,0,0.0,0,easy_normal
14,0,1021.8490423152632,111.45633356197436,7022.701857880729,1.5247073930301436,-0.0025478472124309468,8,0.4697367029012778,0.07692307692307693,1.1786549963416462,0.125,0,0,1,0,0.0,1,0.0,0,easy_normal
12,0,216.7214557401234,90.60498815469677,1487.2474463881085,1.3862943611198906,-0.07926139800650593,2,0.5537061367098571,0.0,1.0397207708399179,0.0,0,0,0,0,0.0,1,0.0,0,easy_normal
14,0,1355.4912444955332,166.65085562565915,4947.9413125374385,1.6326309271543518,-0.1256727669442058,6,0.2655863705958348,0.16666666666666666,1.3579778549873243,0.16666666666666666,0,0,1,0,0.0,1,0.0,0,easy_normal
13,0,306.4379767291871,91.60873129180773,160.06224414131879,1.3321790402101223,-0.23964501959066545,2,0.3915963722278762,0.0,1.3321790402101223,0.5,0,0,1,0,0.0,1,0.0,0,easy_normal
10,0,586.3847416275352,63.49119946685568,1726.2371950230568,1.6924088629865501,-0.14288707573573636,4,0.40928759389930586,0.3076923076923077,1.4985690796770057,0.5,0,0,2,0,0.0,1,0.0,0,easy_normal
22,1,381.80958327418637,13.655150734666348,63.318319694983714,1.5424193679884783,-0.04884697733238891,17,2.6714887333446375,0.0,1.6967048296102991,1.0588235294117647,14,4,0,8,0.47058823529411764,4,11.406733509827035,1,A0
15,0,182.6667609658357,174.10597688594132,0.0,0.6365141682948128,0.13603818512250937,1,0.3284669837180824,0.0,1.0986122886681096,0.0,0,0,0,0,0.0,1,0.0,0,easy_normal
10,0,977.4505522526981,135.84769790981127,3035.4130688191185,1.7201934592198251,-0.10945634049805648,6,0.36830507606785823,0.18181818181818182,1.294545165844896,0.16666666666666666,0,0,1,0,0.0,1,0.0,0,easy_normal
13,0,1078.0827187818993,133.2157480980867,2271.3669669799538,1.71408754118701,-0.0337897660496296,7,0.38958049571052233,0.2,1.2680942586678272,0.2857142857142857,0,0,2,0,0.0,0,0.0,0,easy_normal
8,0,437.08758366318875,143.172602232602,8924.42448063294,1.242453324894,0.08014409345334486,2,0.2745445180443965,0.3333333333333333,1.3296613488547582,0.0,0,0,0,0,0.0,1,0.0,0,easy_normal
2,1,751.4570158534918,13.98784548843905,73.59270324291151,1.65190537236993,-0.08400730746090372,35,2.79457102095834,0.0,1.7055608199392795,0.4,3,9,2,25,0.7142857142857143,9,13.83794894052022,1,A0
10,0,176.1818950314285,157.17374541329627,0.0,0.6365141682948128,0.08510483124514888,1,0.3405571269925142,0.3333333333333333,1.0986122886681096,0.0,0,0,0,0,0.0,0,0.0,0,easy_normal
13,0,1131.530799298837,130.78524401436698,4186.2347299080675,1.5229550675313182,-0.33479042367508355,8,0.42420409616550975,0.0,0.34883209584303193,0.0,0,0,0,0,0.0,0,0.0,0,easy_normal
23,1,622.0673883590514,16.202677739441018,103.73604476073434,1.6815289329437133,-0.10920742316385383,22,2.121956599399981,0.0,1.6942174276309543,0.7727272727272727,14,3,0,14,0.6363636363636364,9,14.23001245108352,1,A0
8,0,909.5844296604873,170.1968858863482,7768.282172722749,1.4978661367769952,0.0524277604465104,5,0.32982094923500216,0.1,1.3592367006650066,0.2,0,0,1,0,0.0,1,0.0,0,easy_normal
14,0,307.14224356352344,45.758783015066506,164.48774666604007,1.5498260458782016,-0.3139652748191691,3,0.5860476823754537,0.14285714285714285,1.4750763110546947,0.3333333333333333,0,0,1,0,0.0,1,0.0,0,easy_normal
13,0,830.8723154386395,92.97741226493731,3485.806655308994,1.5124511784664483,-0.031527622114584666,6,0.4332795705317808,0.21428571428571427,1.4003265762311878,0.16666666666666666,0,0,1,0,0.0,1,0.0,0,easy_normal
14,0,1542.8690930432222,205.73760901950098,11067.009151710967,1.7480673485460894,-0.12749955140887548,7,0.27222011374378735,0.0,0.9404479886553264,0.14285714285714285,0,0,1,0,0.0,1,0.0,0,easy_normal
8,0,1097.1043157680685,124.84922966843916,2482.6963162689644,1.8468891232610354,-0.08343191408456868,8,0.4375153694149478,0.14285714285714285,1.1163670752893367,0.0,0,0,0,0,0.0,1,0.0,0,easy_normal
14,0,429.495128201785,60.37358943325176,233.76818390368712,1.8343719702816235,-0.18951083728070897,4,0.5587956282643639,0.1,1.4708084763221114,0.5,0,0,2,0,0.0,2,0.0,0,easy_normal
12,0,335.4683387764428,123.10865318742461,4424.142015592276,0.9556998911125343,0.12785075066818072,2,0.3577088688538455,0.0,1.351783994289646,1.0,0,0,2,0,0.0,2,0.0,0,easy_normal
14,0,1260.7843726844478,20.38080372978278,137.0220540900411,1.5147623393150147,-0.14075789667457436,46,2.189113427955519,0.012195121951219513,1.5586970590848175,0.1956521739130435,4,5,0,30,0.6521739130434783,4,21.583397075021367,1,A0
10,0,446.6813315865207,172.30097592726088,12574.187564915652,1.0114042647073516,0.12614641724611997,2,0.26864789619432844,0.16666666666666666,1.5607104090414063,0.5,0,0,1,0,0.0,1,0.0,0,easy_normal
1,1,555.2150601240885,13.306875348798124,95.593161523738,1.6606395033156336,-0.08896607241231509,27,2.917788288447968,0.0,1.6496342932047217,0.48148148148148145,10,3,0,13,0.48148148148148145,3,13.271958152238149,1,A0
12,0,1197.5804599486307,101.62216274121242,1897.2791108645145,1.6731183626432506,-0.12075729762463482,7,0.3507071249459227,0.14285714285714285,1.3690391777047681,0.14285714285714285,0,0,1,0,0.0,2,0.0,0,easy_normal
13,0,661.9998610398452,10.851699773268566,48.63568774532254,1.6255189614996017,-0.05541050358167119,45,4.078550705069542,0.022222222222222223,1.7815149096485718,0.4444444444444444,11,9,0,25,0.5555555555555556,9,11.883300447096117,1,A0
14,0,1581.957424183484,204.026204403674,5820.304449718693,1.6326309271543518,-0.11453945229919703,6,0.22756617497832562,0.3333333333333333,1.1269287948006759,0.16666666666666666,0,0,1,0,0.0,0,0.0,0,easy_normal
8,0,714.2215877341016,112.60222765679089,2280.946052591559,1.5403058252265167,-0.014069364528543161,6,0.5040452517573927,0.18181818181818182,1.294545165844896,0.16666666666666666,0,0,1,0,0.0,1,0.0,0,easy_normal
20,1,853.3192959834654,13.72756240594781,170.22626812088578,0.9577632619817872,0.04198091591589698,44,3.093800893084638,0.0,1.6619188353988825,0.38636363636363635,7,9,1,24,0.5454545454545454,3,13.97602097952,1,A0
12,0,355.72093669917285,78.03105033704986,467.9060397238749,1.2148896539491203,-0.02086600124290341,4,0.6746861802035676,0.4444444444444444,0.9649629230074277,0.0,0,0,0,0,0.0,0,0.0,0,easy_normal
16,0,578.8969335233165,103.315782918131,2589.9989526930167,1.464816384890813,-0.11082202283116022,4,0.41458157074575935,0.0,1.2730283365896256,0.5,0,0,2,0,0.0,2,0.0,0,easy_normal
13,0,573.4377750648307,165.68440636455793,3677.0295591887607,1.0397207708399179,-0.24008702560223527,2,0.20926420479786714,0.25,1.0397207708399179,0.0,0,0,0,0,0.0,0,0.0,0,easy_normal
11,0,414.7847642456854,98.31432627693633,62.6183954329035,1.4750763110546947,0.05866867651603095,2,0.2893066726262915,0.14285714285714285,1.5498260458782016,0.5,0,0,1,0,0.0,2,0.0,0,easy_normal
11,0,2096.1831249805673,242.4190619097767,22424.050730017825,1.4180693652516905,-0.050965979887339107,7,0.20036417381420032,0.15384615384615385,1.1569876443452742,0.14285714285714285,0,0,1,0,0.0,0,0.0,0,easy_normal
14,0,1306.9396687195422,170.64431773140203,6831.424392452686,1.9072839993213793,-0.052295733893630826,7,0.32136142933934336,0.0,1.1187433359857524,0.14285714285714285,0,0,1,0,0.0,2,0.0,0,easy_normal
5,1,613.9300102286177,12.18587918506549,76.84628072144844,1.375385349012169,-0.07837412909222767,29,2.83419929146655,0.0,1.7507900897735191,0.8620689655172413,15,9,1,16,0.5517241379310345,3,12.799768482890256,1,A0
1,1,821.9632054238702,17.525171502081893,130.4235509179004,1.5355011756447272,-0.05644195851816405,33,2.408866950411671,0.0,1.7443223477580647,0.48484848484848486,6,9,1,17,0.5151515151515151,5,18.486563782441664,1,A0
17,0,535.3897103750586,122.7167640530518,1230.5451928451807,1.4978661367769952,0.06558344755296923,4,0.44827159609001804,0.3,1.2798542258336676,0.0,0,0,0,0,0.0,2,0.0,0,easy_normal
11,0,417.74285747673514,70.344152931186,1315.954965699812,1.313834033192747,-0.07941124973210087,4,0.5745161065102496,0.2,1.4708084763221114,0.5,0,0,2,0,0.0,1,0.0,0,easy_normal
23,1,430.2712590495164,7.178971020234062,35.06836012351785,1.5196106192221934,-0.012411187778500544,41,5.717323544766207,0.0,1.6374611394931013,0.2682926829268293,5,5,1,28,0.6829268292682927,7,7.693562900706821,1,A0
12,0,929.7800197769988,17.485067502590276,174.29007080839503,1.2550288376648155,0.048886742940661455,44,2.8393812986357627,0.0,1.7653255133242791,0.5681818181818182,14,9,2,26,0.5909090909090909,9,16.03999214987953,1,A0
13,0,657.2791950854194,186.6489516776951,8349.477931608677,1.159588814308626,0.21532794617538664,3,0.2738562263127884,0.36363636363636365,1.4681399390162087,0.3333333333333333,0,0,1,0,0.0,2,0.0,0,easy_normal
3,1,288.9170578336499,13.749957919733616,22.896410177697316,2.016758227908489,-0.18976265885744087,12,2.492064696348096,0.0,1.7152632279028113,0.8333333333333334,3,7,0,8,0.6666666666666666,7,13.329572864232196,1,A0
13,0,1050.1301385069214,101.80014102263898,4221.072696088135,1.3812885266674406,0.011202785828038672,8,0.4570862052225885,0.11764705882352941,1.365372255811626,0.25,0,0,2,0,0.0,1,0.0,0,easy_normal
10,0,408.0727106384296,51.11874772967407,0.0,1.4750763110546947,0.018099141170388335,1,0.14703262050071914,0.42857142857142855,1.4750763110546947,1.0,0,0,1,0,0.0,1,0.0,0,easy_normal
8,0,754.3374630006068,101.88748020776882,2486.9686674602253,1.7677614722893296,-0.10082958146976845,6,0.47723998562657943,0.0,1.1685184057430877,0.3333333333333333,0,0,2,0,0.0,1,0.0,0,easy_normal
9,0,303.2750058387094,114.79108053440126,0.0,1.0397207708399179,-0.1484895336513868,1,0.19784024019410876,0.25,1.3862943611198906,1.0,0,0,1,0,0.0,0,0.0,0,easy_normal
8,0,497.4733457217883,20.219817222161033,231.97323184266287,1.2679409862309954,0.03231189967522339,16,1.9297516304258027,0.0,1.8085114129377287,0.875,8,5,1,8,0.5,9,24.378238449695182,1,A0
13,0,699.3793105226526,131.0127236974383,2899.562458527077,1.583258459420477,0.03389449653803575,4,0.3431614238354374,0.3333333333333333,1.4451858789480823,0.25,0,0,1,0,0.0,2,0.0,0,easy_normal
17,0,1807.3209363281862,296.3347947106173,88132.21610096756,1.2130075659799042,0.11501301977892611,6,0.19918985763059222,0.0,0.7356219397587946,0.0,0,0,0,0,0.0,1,0.0,0,easy_normal
10,0,1617.9907767264608,182.06228940022612,6885.047837360558,1.7201934592198251,-0.21405803151156008,8,0.29666423746317144,0.0,0.7595473914748635,0.0,0,0,0,0,0.0,1,0.0,0,easy_normal
14,0,754.6615377292815,99.54003319493066,10491.44213691133,1.0986122886681098,0.17489260305959745,7,0.5565408848895993,0.16666666666666666,1.1187433359857524,0.14285714285714285,0,0,1,0,0.0,0,0.0,0,easy_normal
16,0,490.47427278906366,90.92891172207541,2214.0870977768345,1.3030924037617193,-0.006243875449122278,5,0.6116528769063894,0.2222222222222222,1.1490596969706202,0.0,0,0,0,0,0.0,1,0.0,0,easy_normal
9,0,561.0566645105831,11.919305627834817,60.19067888071837,1.4950988811865205,-0.08774846695654362,31,3.3151731681549523,0.0,1.7759613992031738,0.6129032258064516,14,3,2,15,0.4838709677419355,9,10.496325516940148,1,A0
10,0,588.0540683781718,13.048131245329145,57.904877400725944,1.684765237834669,-0.046251647144008784,25,2.5507858556899987,0.0,1.8468991744198329,0.92,13,8,2,13,0.52,8,12.219816907978633,1,A0
19,1,449.31929256746383,13.076803619080916,51.474581503820104,1.7140280137587691,-0.12283125631362499,26,3.4719185795160823,0.0,1.728504369046893,0.3076923076923077,4,3,1,14,0.5384615384615384,7,14.081648573137239,1,A0
14,0,421.29677596518786,126.073087560019,19357.945355830583,0.5623351446188083,0.08834710518733811,3,0.4272522608026641,0.0,0.5623351446188083,0.0,0,0,0,0,0.0,0,0.0,0,easy_normal
0,1,523.2345690447744,14.881027158180693,184.92010988592492,1.2215021622802498,0.022449926880065696,23,2.6374404170568293,0.0392156862745098,1.830868356526615,0.5217391304347826,4,8,0,12,0.5217391304347826,8,10.248689070885861,1,A0
23,1,457.5030312105284,10.269534618686016,62.28249830764949,1.1422539450091358,0.051268696274685915,27,3.5409601455832265,0.0,1.7693287083568168,0.6296296296296297,11,5,1,17,0.6296296296296297,6,8.817196618529191,1,A0
12,0,279.28239107823026,162.61151793416755,0.0,0.9502705392332347,0.04940328827185263,1,0.21483631591793875,0.4,1.3321790402101223,0.0,0,0,0,0,0.0,1,0.0,0,easy_normal
13,0,1954.3749662017492,281.52736307556086,53408.541194432786,1.0805738483648537,0.16665244961222203,5,0.15350176152892409,0.3333333333333333,1.450252344663491,0.4,0,0,2,0,0.0,1,0.0,0,easy_normal
1,1,823.1717036079054,15.743698039748432,98.80180739738357,1.764709930520397,-0.0922549036016669,37,2.696885704731943,0.0,1.5669116485143335,0.43243243243243246,13,3,0,14,0.3783783783783784,2,19.32291764544888,1,A0
13,0,1268.6823277630488,169.88605359549976,4302.344765533225,1.6417347121875212,-0.1357202184165833,6,0.2837589774224687,0.18181818181818182,1.294545165844896,0.16666666666666666,0,0,1,0,0.0,1,0.0,0,easy_normal
9,0,1605.6083035797924,176.77841271061592,7568.641112826444,1.844621476365503,-0.11088100842251346,6,0.22421408708298288,0.07692307692307693,1.3778195080390327,0.3333333333333333,0,0,2,0,0.0,1,0.0,0,easy_normal
8,0,781.948168699813,85.14576135893347,2658.9044314328103,1.4546247143256044,0.08107206998708967,8,0.6138514280276679,0.2222222222222222,1.3979917020604717,0.25,0,0,2,0,0.0,1,0.0,0,easy_normal
13,0,1125.7094983251154,205.4108016633745,9349.698003621555,1.7328679513998633,-0.10087275305146906,5,0.26649859528266784,0.125,1.073542846408523,0.0,0,0,0,0,0.0,1,0.0,0,easy_normal
11,0,1071.3160544541297,144.99859087737917,2095.3593671783515,1.6417347121875212,-0.1428445231590308,7,0.3920411705339408,0.0,1.0335620542068176,0.14285714285714285,0,0,1,0,0.0,1,0.0,0,easy_normal
19,1,635.4219614208669,12.62851422912308,44.39670486813743,1.9190972693540953,-0.12229297179874207,32,3.0216141659735656,0.013888888888888888,1.7668363401879916,0.4375,10,4,0,14,0.4375,12,12.176849294425237,1,A0
11,0,298.64818173932883,83.48805270087435,5.765239635721758,1.0789922078775833,-0.0896438722387796,3,0.6027158744167765,0.14285714285714285,1.277034259466139,0.6666666666666666,0,0,2,0,0.0,0,0.0,0,easy_normal
8,0,765.3926607589082,115.25581270663628,6303.437530060403,1.4241299173467734,0.015552596341175808,4,0.313564543148393,0.3333333333333333,1.4451858789480823,0.5,0,0,2,0,0.0,1,0.0,0,easy_normal
8,0,928.4528166504049,133.03780986742464,7422.847615844556,1.1569876443452742,0.07564487320398698,6,0.387741836250525,0.07692307692307693,1.3778195080390327,0.16666666666666666,0,0,1,0,0.0,2,0.0,0,easy_normal
14,0,470.1190361075014,190.95334121332098,6305.219887753225,1.242453324894,0.09131627780852847,2,0.25525450105908876,0.3333333333333333,1.3296613488547582,0.5,0,0,1,0,0.0,0,0.0,0,easy_normal
14,0,559.3335426388355,149.38670540901194,3750.0528121188686,1.5498260458782016,-0.10653824916045901,2,0.2145410400990105,0.14285714285714285,1.5498260458782016,1.0,0,0,2,0,0.0,1,0.0,0,easy_normal
17,0,318.3414476568179,55.093613086509826,289.2451135702454,1.3296613488547582,-0.3086293384796454,3,0.5654306133395665,0.0,1.0114042647073516,0.6666666666666666,0,0,2,0,0.0,0,0.0,0,easy_normal
9,0,1107.7058843740347,135.12077160326308,6263.177230252121,1.631345420808597,-0.0257432312358359,7,0.37916201938147354,0.15384615384615385,1.3038755293363848,0.14285714285714285,0,0,1,0,0.0,2,0.0,0,easy_normal
12,0,62.79314277522723,25.600306400089995,0.8894724688582085,1.0397207708399179,-0.22123980666777948,2,1.911036694397492,0.0,1.0397207708399179,0.5,0,0,1,0,0.0,0,0.0,0,easy_normal
11,0,1069.611923568283,131.48195677434362,15506.392063025518,1.0805738483648537,0.17923733863954716,7,0.392665779752022,0.2,1.2680942586678272,0.0,0,0,0,0,0.0,2,0.0,0,easy_normal
2,1,713.6740337982898,11.087121825546557,48.05140416138102,1.6708287940119195,-0.149159309974417,41,3.4469518064255165,0.0,1.6579301833199938,0.36585365853658536,6,9,0,22,0.5365853658536586,5,10.470319593746453,1,A0
21,1,321.77212016386,16.79896776933613,221.29626497545587,1.3917495793215726,0.06424344205390896,11,2.0511410362833797,0.0,1.8047975596236627,1.0,4,6,1,7,0.6363636363636364,9,14.995882737325461,1,A0
10,0,758.840245623394,15.923922557480081,129.9141423752421,1.2610544579388665,0.017135973867693294,32,2.5301768205805995,0.0,1.8036534630436156,0.6875,12,9,1,13,0.40625,10,17.181307573892703,1,A0
9,0,711.1618483774818,148.32463287344882,8955.910705972485,1.4270610433807247,0.06465553862641497,4,0.337475921335714,0.2222222222222222,1.2730283365896256,0.0,0,0,0,0,0.0,1,0.0,0,easy_normal
13,0,1445.9460970458435,198.5022608564363,8754.394903174278,1.5229550675313184,-0.08148189745036376,4,0.1659812910663369,0.0,1.2730283365896256,0.25,0,0,1,0,0.0,2,0.0,0,easy_normal
12,0,1450.050449180146,28.291108012309117,347.4194252030384,1.6555787998781701,-0.03881649626421831,34,1.4068476039253737,0.0,1.701079851767332,0.5294117647058824,14,4,0,20,0.5882352941176471,9,29.555023030746383,1,A0
9,0,1288.8975572975367,117.008048473437,4466.973815149015,1.5740973368489728,-0.14045774901024233,8,0.37241128845525,0.0,1.0547209169068121,0.125,0,0,1,0,0.0,1,0.0,0,easy_normal
13,0,534.753069385849,107.10818076689449,2685.4730548134157,1.242453324894,0.09834552465961896,4,0.4488052780615812,0.25,1.5171063970610277,0.25,0,0,1,0,0.0,2,0.0,0,easy_normal
9,0,712.0454504042472,96.72009534068339,3767.03017859611,1.7480673485460891,-0.04814619988202114,7,0.5898499874713824,0.0,0.9404479886553264,0.14285714285714285,0,0,1,0,0.0,1,0.0,0,easy_normal
15,0,1300.4944228173606,220.92221832081856,14820.115918761847,1.6094379124341003,-0.004424453119363362,5,0.2306814967726559,0.2,1.3592367006650063,0.2,0,0,1,0,0.0,1,0.0,0,easy_normal
10,0,584.4919962140356,89.7364206700535,1797.2486223291685,1.6326309271543518,-0.028219482614747864,5,0.5132662242480781,0.08333333333333333,1.4677339293271523,0.4,0,0,2,0,0.0,2,0.0,0,easy_normal
12,0,746.0573930330337,175.00244035578143,776.6752995936391,1.3208883431493221,-0.10088127523664418,3,0.24126830144826406,0.125,1.4941751382893083,0.6666666666666666,0,0,2,0,0.0,1,0.0,0,easy_normal
13,0,725.5789527097918,99.09465431609554,3348.1881507447415,1.5498260458782016,-0.1327019885024071,4,0.3307703442935896,0.0,1.1537419427010902,0.25,0,0,1,0,0.0,1,0.0,0,easy_normal
2,1,410.72443419758747,11.823152675073466,44.68981012588131,1.5953848648577518,-0.047882369542804094,22,3.2138336317361307,0.0,1.7776010778159796,0.7727272727272727,13,3,1,12,0.5454545454545454,12,10.667460099742291,1,A0
15,0,201.7099881827691,52.129301056632514,0.0,0.9002560512685369,0.023999941067225604,1,0.297456762258268,0.5,1.2130075659799042,2.0,0,0,2,0,0.0,0,0.0,0,easy_normal
16,0,335.6439177709796,132.11956745170082,3710.7443477241954,1.15374194270109,0.1412654463920607,2,0.3575217474427163,0.2857142857142857,1.351783994289646,1.0,0,0,2,0,0.0,0,0.0,0,easy_normal
22,1,761.929268721151,13.260160844603638,102.67058268622084,1.5909202175234474,-0.05450371082184685,40,3.149898682889876,0.0,1.7363084610369603,0.35,7,5,2,19,0.475,7,12.938531662463692,1,A0
10,0,690.0377662608166,163.59661758651586,35535.4508214728,0.7356219397587946,0.21932796247510092,3,0.26085528763937915,0.125,1.4941751382893083,0.6666666666666666,0,0,2,0,0.0,1,0.0,0,easy_normal
12,0,636.558585673791,82.50542770558557,2541.07023255337,1.5047882836811908,-0.09904139939537279,7,0.6597978716372731,0.2,0.8018185525433373,0.0,0,0,0,0,0.0,0,0.0,0,easy_normal
11,0,1005.0977503167838,111.02267878910432,5633.323643145608,1.4142790651247086,-0.15462317694684305,7,0.41786980407390784,0.0,0.9075352941050093,0.2857142857142857,0,0,2,0,0.0,0,0.0,0,easy_normal
11,0,630.6648068725119,277.92875560226923,335.6901057194956,0.5982695885852573,0.14180386198191375,2,0.19027540254716932,0.2857142857142857,1.5498260458782016,0.5,0,0,1,0,0.0,1,0.0,0,easy_normal
15,0,1384.9336487397866,156.6492350087777,1251.4171459545296,1.2554823251787537,0.044443730980976606,4,0.17329350053584647,0.125,1.2130075659799042,0.25,0,0,1,0,0.0,0,0.0,0,easy_normal
13,0,391.5485087579026,169.31574141671547,2456.3345082136902,1.242453324894,0.10037562296867786,2,0.30647543616159423,0.16666666666666666,1.3296613488547582,0.0,0,0,0,0,0.0,2,0.0,0,easy_normal
12,0,777.6774967917535,234.6895989117757,0.0,1.4750763110546947,-0.038216185037835096,1,0.07715280466199063,0.2857142857142857,1.5498260458782016,2.0,0,0,2,0,0.0,1,0.0,0,easy_normal
11,0,1500.9991603416995,176.34413159939345,7993.471851944419,1.7677614722893296,-0.15079461259439628,8,0.3197869876827439,0.09090909090909091,0.8855741515766717,0.125,0,0,1,0,0.0,0,0.0,0,easy_normal
11,0,704.0731608145979,344.8553743530506,112866.82020188132,0.5623351446188083,0.24695098762800144,2,0.17043683338413654,0.0,1.0397207708399179,0.0,0,0,0,0,0.0,1,0.0,0,easy_normal
12,0,577.6213262645517,86.9930727342467,5099.116134228683,1.3667110520552042,0.10756261653864911,6,0.6232456864570808,0.18181818181818182,1.1685184057430877,0.0,0,0,0,0,0.0,2,0.0,0,easy_normal
11,0,347.98281732364836,41.96439500217608,525.6171239583892,1.5047882836811908,-0.021392565477314295,4,0.6896892261688404,0.2,1.4708084763221114,0.25,0,0,1,0,0.0,1,0.0,0,easy_normal
5,1,817.9683290216531,21.273185875700168,157.79185503874106,1.4331027843244508,-0.08034737572899243,25,1.8338118320474635,0.03333333333333333,1.8948784034615638,0.84,10,9,2,14,0.56,3,23.89678552589023,1,A0
5,1,800.056354657317,17.64540375957871,115.08969938989965,1.4108125219236343,0.03496843539903042,24,1.7998732109524784,0.0,1.834804449754629,0.9583333333333334,13,9,1,12,0.5,11,16.793766924018765,1,A0
14,0,159.0701802294406,113.13793639467912,0.0,1.0986122886681096,-0.10576943481836604,1,0.3771920036392543,0.0,1.0986122886681096,0.0,0,0,0,0,0.0,1,0.0,0,easy_normal
14,0,429.467456713056,108.74555995691885,1760.411284734186,1.4270610433807247,0.033194276690403916,3,0.4191237244787678,0.1111111111111111,1.5229550675313184,0.6666666666666666,0,0,2,0,0.0,2,0.0,0,easy_normal
9,0,918.2154852051615,128.85578868272876,13588.666337898529,1.6674619334292948,-0.08845858428685656,4,0.26137655470532123,0.125,1.2130075659799042,0.5,0,0,2,0,0.0,0,0.0,0,easy_normal
17,0,847.0176002650992,154.71938713981916,22572.47655430138,1.3030924037617193,0.13488309064763557,4,0.28334712280463226,0.2222222222222222,1.2730283365896256,0.0,0,0,0,0,0.0,2,0.0,0,easy_normal
14,0,915.0901559030857,135.47618242169114,11310.32005045746,1.3667110520552042,0.05282436657928053,5,0.32783655038222487,0.18181818181818182,1.4142790651247086,0.4,0,0,2,0,0.0,1,0.0,0,easy_normal
11,0,788.5799055355106,263.0430650977003,230.3249146409347,1.0789922078775833,-0.02853648808119912,2,0.15217227722599666,0.14285714285714285,1.5498260458782016,0.5,0,0,1,0,0.0,2,0.0,0,easy_normal
13,0,701.9756578852526,17.029284116834184,259.8681707712208,1.1493392442811867,0.10007378591470431,36,3.077029774090943,0.0,1.5568406327209339,0.2777777777777778,8,2,0,15,0.4166666666666667,3,17.030047968277824,1,A0
14,0,414.7186478346638,161.55355057486713,6249.394848837828,1.277034259466139,0.13933640778922923,2,0.2893527952662512,0.5714285714285714,0.9556998911125343,0.0,0,0,0,0,0.0,0,0.0,0,easy_normal
9,0,219.1986310096049,137.28065855080314,0.0,1.0549201679861442,0.042637682623945565,1,0.2737243372535976,0.2,1.6094379124341005,1.0,0,0,1,0,0.0,1,0.0,0,easy_normal
4,1,771.8788669583595,12.459289683669024,77.65219744778702,1.5178078037282114,-0.0323504130155916,47,3.6534229925381934,0.0,1.669818599200633,0.44680851063829785,11,9,1,27,0.574468085106383,3,11.686334464422835,1,A0
14,0,137.45295596989996,14.120000108982623,0.0,1.4750763110546947,-0.03155449403221284,1,0.43651298421795354,0.42857142857142855,1.4750763110546947,1.0,0,0,1,0,0.0,1,0.0,0,easy_normal
12,0,683.3615299936345,544.9662631614201,0.0,0.9502705392332347,0.2018424485094562,1,0.08780125507000504,0.4,1.3321790402101223,1.0,0,0,1,0,0.0,0,0.0,0,easy_normal
13,0,619.7033956929339,87.28829652456443,8336.488131452266,0.9164648855394713,0.15284204141340288,6,0.5809230714275153,0.0,1.1685184057430877,0.3333333333333333,0,0,2,0,0.0,1,0.0,0,easy_normal
3,1,881.079400993341,15.668077668944523,104.04580263331796,1.6785339813848559,-0.12349707150253213,41,2.792029863853998,0.014492753623188406,1.7175934455058628,0.2926829268292683,4,7,1,22,0.5365853658536586,6,17.530622993922023,1,A0
12,0,1287.3952411970322,243.44978213844735,8697.915949634418,1.5047882836811908,-0.05404746384641761,4,0.18642293549014968,0.1,1.4708084763221114,0.5,0,0,2,0,0.0,2,0.0,0,easy_normal
10,0,1618.9750686992481,241.21000707019175,13083.507362865785,1.2730283365896258,-0.14771151283488437,6,0.22236290537150702,0.0,0.8486855577264172,0.0,0,0,0,0,0.0,1,0.0,0,easy_normal
14,0,506.2697300590911,141.39602644067145,1676.723596571718,1.5607104090414063,-0.13374264567833075,3,0.35554169904448096,0.16666666666666666,1.2424533248940002,0.3333333333333333,0,0,1,0,0.0,0,0.0,0,easy_normal
13,0,656.6995215068056,60.510912126139814,829.3571438158451,1.9686932085049353,-0.18786768984433394,8,0.7309278966712717,0.13333333333333333,1.2868726303980165,0.125,0,0,1,0,0.0,1,0.0,0,easy_normal
13,0,283.6003114285157,90.0019957069191,3223.3555243029436,1.277034259466139,0.0601136045020423,2,0.42313070601210256,0.2857142857142857,1.5498260458782016,0.5,0,0,1,0,0.0,1,0.0,0,easy_normal
15,0,838.3615347590284,100.6332151804198,1530.5346864521634,1.7351264569629226,-0.17278252442242628,4,0.2862726759869578,0.1111111111111111,1.2730283365896256,0.5,0,0,2,0,0.0,0,0.0,0,easy_normal
10,0,1096.2054054505138,135.83845002783696,11070.031048848325,1.4142790651247086,-0.03128371065509157,6,0.32840560556445053,0.09090909090909091,1.1685184057430877,0.3333333333333333,0,0,2,0,0.0,0,0.0,0,easy_normal
12,0,182.52550440846096,77.68786151301575,786.4985649598088,1.242453324894,0.10457449192224827,2,0.6574423688837504,0.3333333333333333,1.3296613488547582,0.5,0,0,1,0,0.0,0,0.0,0,easy_normal
22,1,745.7142503727376,15.097360659841918,112.36349464180238,1.395221188326627,0.010940701806949752,43,3.4597702789110087,0.013333333333333334,1.599229423070175,0.3488372093023256,13,2,0,25,0.5813953488372093,3,12.411557617794081,1,A0
9,0,667.9776780302669,133.38141637687866,2929.9123634780294,1.7478680974667573,-0.20696872553969395,4,0.35929344331941176,0.14285714285714285,1.1537419427010902,0.25,0,0,1,0,0.0,0,0.0,0,easy_normal
13,0,1736.829218501511,275.3943051827275,21241.11576955898,1.5047882836811908,-0.013492941135019828,6,0.20727426517536263,0.2,1.0888999753452235,0.0,0,0,0,0,0.0,1,0.0,0,easy_normal
4,1,525.3804791266662,14.367029943503558,122.82597542678879,1.5518310414154248,-0.09166213861647048,23,2.626667824228943,0.0,1.7516984891440122,0.4782608695652174,5,5,1,9,0.391304347826087,4,15.02821672691322,1,A0
14,0,454.92441379493994,174.62235619572812,18466.766239909215,0.6837389058487535,0.29896889734305343,2,0.2637800838142988,0.3333333333333333,1.5229550675313182,0.5,0,0,1,0,0.0,2,0.0,0,easy_normal
15,0,625.8174252019345,60.5231023933355,511.1926725139684,1.7045514452672972,-0.1319872529923758,7,0.6711222524116794,0.0,1.0751393240053735,0.14285714285714285,0,0,1,0,0.0,1,0.0,0,easy_normal
11,0,901.0593071336793,100.11402644164633,7880.340871862553,1.4844575358174863,0.07444658308258628,8,0.5327063337561067,0.15384615384615385,1.072016968563193,0.0,0,0,0,0,0.0,2,0.0,0,easy_normal
5,1,1035.416037420401,22.647935179959084,398.60913675760764,1.3101081351132213,-0.005866624459515547,35,2.02817024664971,0.0,1.6645617900960752,0.37142857142857144,4,8,1,20,0.5714285714285714,3,23.954275935129843,1,A0
8,0,1684.9364544721443,221.59041301362655,52135.87300809518,0.7595473914748635,0.1423882141250682,7,0.2492675607351479,0.09090909090909091,1.0335620542068176,0.0,0,0,0,0,0.0,1,0.0,0,easy_normal
10,0,711.0823748572373,90.15476434738044,3012.248901103342,1.6726254461503207,-0.07375733064203635,7,0.5906488683316369,0.09090909090909091,1.1595888143086257,0.14285714285714285,0,0,1,0,0.0,1,0.0,0,easy_normal
15,0,2803.9627544927803,249.46122072879876,28175.545179368994,1.8636799873410004,-0.16615716245653378,8,0.17118629669060248,0.0,0.9830877585747855,0.25,0,0,2,0,0.0,1,0.0,0,easy_normal
16,0,694.4430674374537,96.72043750722095,5881.384909441538,1.0720169685631928,0.10599535455021568,6,0.5184010279322488,0.07692307692307693,1.3778195080390327,0.16666666666666666,0,0,1,0,0.0,2,0.0,0,easy_normal
13,0,538.9313055368141,144.87114480062274,9832.459005910981,1.4941751382893085,0.044854945506900015,2,0.22266288628468414,0.25,1.559581156259877,1.0,0,0,2,0,0.0,1,0.0,0,easy_normal
16,0,1424.3791152820536,188.72038896050313,5055.962589816335,1.5857708352080968,-0.037693042953733255,7,0.2948653174522516,0.15384615384615385,1.3038755293363848,0.14285714285714285,0,0,1,0,0.0,1,0.0,0,easy_normal
15,0,775.2351729611345,104.15504699888736,4266.2111650213965,1.589026915173973,0.029338402479176632,7,0.5417710839869958,0.25,0.9596147939120492,0.0,0,0,0,0,0.0,0,0.0,0,easy_normal
11,0,684.7965867706407,73.87943920480518,3575.378720343042,1.2293362159076602,0.07855130885170952,8,0.700938073105155,0.2,1.159569796739054,0.0,0,0,0,0,0.0,1,0.0,0,easy_normal
11,0,689.8632567349138,122.67712558244125,2930.193148440924,1.6094379124341003,-0.011056040163681445,5,0.4348687904033099,0.2,1.2206072645530175,0.2,0,0,1,0,0.0,0,0.0,0,easy_normal
14,0,1862.5457257477703,255.47450336200671,26652.023944673263,1.198849312913621,0.05172287987042504,7,0.22549781956702267,0.08333333333333333,1.0751393240053733,0.0,0,0,0,0,0.0,1,0.0,0,easy_normal
10,0,574.5773139776693,177.12019964551473,0.01356955387170321,1.0114042647073518,-0.11349008287975346,2,0.20884917848438364,0.0,1.3296613488547582,1.0,0,0,2,0,0.0,1,0.0,0,easy_normal
10,0,929.9566063207405,89.3732204023896,1932.7447446562164,1.6792043316027068,-0.08050995556577997,8,0.5161531158954408,0.13333333333333333,1.2868726303980165,0.125,0,0,1,0,0.0,1,0.0,0,easy_normal
11,0,493.27874272426004,83.41918128838581,2633.2330659821646,1.2730283365896256,-0.04384881504758365,5,0.6081754067551584,0.1111111111111111,1.303092403761719,0.2,0,0,1,0,0.0,1,0.0,0,easy_normal
21,1,208.69441789734174,6.167167468490836,8.511787615127197,1.8132175600767924,-0.13322942533859408,11,3.1625187039006413,0.0,1.8052855428667036,1.6363636363636365,9,8,1,6,0.5454545454545454,12,7.273623381692697,1,A0
14,0,939.7928896641644,13.821088651942844,99.83817837655505,1.3349439635719884,-0.010232751743670635,49,3.1283488440209535,0.0,1.6597094908627161,0.3877551020408163,14,3,2,31,0.6326530612244898,8,14.676781452097284,1,A0
8,0,757.0369849424754,13.971855949225136,85.46047773322952,1.7817816756499623,-0.1502562644329736,36,2.8532291591594174,0.0,1.704316896576877,0.4166666666666667,11,3,1,22,0.6111111111111112,9,15.801652046293707,1,A0
17,0,712.3914002050047,108.43000393996172,2506.882664212482,1.377819508039033,0.042405389204110945,4,0.33689345482123345,0.23076923076923078,1.564957250242801,0.5,0,0,2,0,0.0,2,0.0,0,easy_normal
16,0,436.07797440638547,13.705240881014284,95.98434280235219,1.4134302311613423,-0.0077380797008735095,22,3.0269815892372467,0.0,1.7612835400165026,0.4090909090909091,3,5,1,11,0.5,12,15.35484735257708,1,A0
12,0,670.1719158799201,94.74666695244326,456.8981717743727,1.9061547465398496,-0.3227172965822013,5,0.44764633207004356,0.0,1.073542846408523,0.2,0,0,1,0,0.0,1,0.0,0,easy_normal
17,0,468.42448251763454,91.6382206293972,4137.761394678459,1.7917594692280547,-0.14428556954529642,3,0.38426684923161253,0.0,1.2424533248940002,0.3333333333333333,0,0,1,0,0.0,1,0.0,0,easy_normal
5,1,361.93426008712464,10.629445504474655,36.81751175146671,1.514650121889766,-0.03883819830344885,15,2.486639423920113,0.0,1.8263822509933172,1.4,12,8,1,6,0.4,10,11.557295236773749,1,A0
8,0,692.8203123853631,201.50283591391315,5223.2875337020605,1.242453324894,-0.06902752291780527,3,0.25980762512615213,0.0,1.0114042647073518,0.6666666666666666,0,0,2,0,0.0,0,0.0,0,easy_normal
22,1,485.12117901233074,13.573803860488974,75.23853414921864,1.4369497891777312,0.012917477804461796,24,2.9683305167828973,0.0,1.7054691948531475,0.8333333333333334,13,7,0,7,0.2916666666666667,5,19.720689170493078,1,A0
23,1,1031.1777007788826,26.99972228064583,409.2781181538477,1.6737442437282297,-0.018285156596722616,30,1.745576924947466,0.0,1.7546144957904657,0.4,6,4,2,12,0.4,6,25.170911025597846,1,A0
15,0,688.6967899246374,12.19524591843227,56.091505971770225,1.6929733731246817,-0.03977751592910907,30,2.6136320458194238,0.016129032258064516,1.8092856285397716,0.7,13,6,2,16,0.5333333333333333,3,14.476361726589692,1,A0
15,0,262.1005442633356,248.47014713882498,0.0,0.5623351446188083,0.23441771707607303,1,0.22891978407994937,0.5,1.0397207708399179,0.0,0,0,0,0,0.0,0,0.0,0,easy_normal
13,0,839.1676053922407,153.00327931780535,5632.2604908147205,1.5229550675313182,-0.08048249672503761,4,0.2859976939741615,0.1111111111111111,1.4270610433807247,0.5,0,0,2,0,0.0,1,0.0,0,easy_normal
9,0,2141.5646544826873,256.47690717255836,18964.321940910024,1.5740973368489726,0.01369314900345759,7,0.19611829095183422,0.14285714285714285,1.3316643102930148,0.14285714285714285,0,0,1,0,0.0,1,0.0,0,easy_normal
10,0,851.0720040595013,110.03337533725416,4459.864599284762,1.4677339293271525,-0.012072555299819153,7,0.4934952600915732,0.08333333333333333,1.2342678660790767,0.14285714285714285,0,0,1,0,0.0,1,0.0,0,easy_normal
2,1,398.5249913684341,6.32183953273136,24.545104806372404,1.2645885494739855,-0.0912875761450051,37,5.570541491957834,0.0,1.669838091482792,0.6756756756756757,15,10,0,24,0.6486486486486487,5,6.399551486748249,1,A0
11,0,733.1329193946748,179.5100449049322,8429.237759740188,1.242453324894,-0.0506246075014679,4,0.3273621926541787,0.0,0.8675632284814612,0.0,0,0,0,0,0.0,1,0.0,0,easy_normal
11,0,887.3218488384177,166.8656080490497,8901.860698460932,1.2730283365896256,0.027412397068608124,5,0.33809603628348195,0.1111111111111111,1.303092403761719,0.2,0,0,1,0,0.0,1,0.0,0,easy_normal
12,0,1034.593184038991,163.17644154854784,5581.686372327999,1.6417347121875212,0.0008665629858021156,6,0.34796285685411255,0.09090909090909091,1.294545165844896,0.16666666666666666,0,0,1,0,0.0,2,0.0,0,easy_normal
1,1,320.08734750269156,9.612545353077172,71.1952924846124,1.339592219176082,0.03382106419932487,16,2.999181340624304,0.0,1.8713699100189363,0.9375,8,5,2,10,0.625,7,11.854242196372661,1,A0
8,0,767.4707408126378,146.7846559039501,11679.132594851015,1.277034259466139,-0.0037422416402820274,5,0.39089438078426864,0.14285714285714285,0.796311640173813,0.0,0,0,0,0,0.0,0,0.0,0,easy_normal
10,0,441.2545680106207,82.00020868212155,755.9844364387498,1.6769877743224173,-0.1498672998372188,4,0.5439037177156734,0.1111111111111111,1.4270610433807247,0.5,0,0,2,0,0.0,1,0.0,0,easy_normal
15,0,267.7570518240453,56.52778150030415,587.0067203593627,1.4750763110546947,-0.18888123320277578,3,0.6722512022513819,0.0,1.277034259466139,0.6666666666666666,0,0,2,0,0.0,1,0.0,0,easy_normal
13,0,1223.9950046768245,209.38663353890928,4848.380509450984,1.6417347121875214,-0.03917852574254178,5,0.24509903950074535,0.18181818181818182,1.4142790651247086,0.2,0,0,1,0,0.0,2,0.0,0,easy_normal
9,0,246.89634455484062,98.12476507767653,1583.6146776990413,1.3321790402101223,-0.017627096905984282,2,0.4860339273809928,0.2,1.3321790402101223,0.5,0,0,1,0,0.0,0,0.0,0,easy_normal
11,0,420.67303846543655,66.40939256702714,3774.548731896655,1.3321790402101223,-0.042039735027163426,2,0.285257168935155,0.0,1.3321790402101223,0.5,0,0,1,0,0.0,1,0.0,0,easy_normal
12,0,814.3989961155593,132.92011556924754,2015.1666927075846,1.464816384890813,-0.12528239807443395,6,0.44204376689692987,0.1111111111111111,1.0027182645175161,0.0,0,0,0,0,0.0,1,0.0,0,easy_normal
11,0,1275.2820742506126,392.0074770420381,72042.0388574995,0.9502705392332347,0.023817633349689768,3,0.14114524436154444,0.0,0.9502705392332347,0.3333333333333333,0,0,1,0,0.0,0,0.0,0,easy_normal
21,1,752.6864851926784,14.490677302276437,134.66463848670375,1.2191455063865604,0.0502501809607916,39,3.108864110136093,0.011904761904761904,1.70516351434026,0.48717948717948717,10,7,2,25,0.6410256410256411,2,17.515709578167115,1,A0
14,0,919.0138931059076,229.82785380071138,1301.8767872412448,1.277034259466139,-0.1165217108674925,3,0.19586210975730778,0.14285714285714285,1.4750763110546947,0.3333333333333333,0,0,1,0,0.0,1,0.0,0,easy_normal
11,0,659.4497336831672,198.66255870832597,5684.047506808078,0.8486855577264172,0.14914222052724918,3,0.2729548452384106,0.1111111111111111,1.5229550675313184,0.6666666666666666,0,0,2,0,0.0,2,0.0,0,easy_normal
19,1,298.245314576171,17.973322444398722,236.9667097722728,1.0239226832685102,0.11686570444734519,11,2.212943398416534,0.0,1.7999584232857482,1.4545454545454546,8,7,1,6,0.5454545454545454,2,14.458126876883412,1,A0
14,0,407.63202163563426,55.66155599053634,668.1425003255138,1.7201934592198251,-0.10435061408511807,5,0.7359578837703723,0.2727272727272727,1.240684291953396,0.4,0,0,2,0,0.0,0,0.0,0,easy_normal
13,0,592.7480983954238,531.6817089877031,0.0,0.5004024235381879,0.27137846577569713,1,0.10122343734618587,0.2,1.6094379124341005,1.0,0,0,1,0,0.0,1,0.0,0,easy_normal
1,1,327.1534973075501,8.45461193312124,48.83415420154508,1.7408174917719104,-0.03183305277314149,14,2.567602079492165,0.0,1.7775281184930596,1.7142857142857142,14,9,1,9,0.6428571428571429,8,6.516537801893914,1,A0
11,0,486.41179130234786,127.00629063557454,222.66470851861203,1.3321790402101223,-0.41759480903953095,2,0.24670454570746497,0.2,1.3321790402101223,0.5,0,0,1,0,0.0,0,0.0,0,easy_normal
22,1,1094.593794722481,17.253396334608333,121.83317966985786,1.7855781910243818,-0.11034450145228614,42,2.3022239045662696,0.011764705882352941,1.8291592144003355,0.47619047619047616,11,7,2,22,0.5238095238095238,12,16.24246127542673,1,A0
3,1,489.76890432380173,18.238013053771475,274.69329704493134,1.0822651140469959,0.12715393093159036,17,2.0826148638575996,0.0196078431372549,1.852090051001034,1.2941176470588236,11,10,1,5,0.29411764705882354,5,15.869629788442717,1,A0
3,1,907.946370963251,17.114935068775154,167.47820101323256,1.5780815716181078,0.015177303012569542,43,2.8415775231997986,0.0,1.7417531520113907,0.4186046511627907,6,10,2,26,0.6046511627906976,9,17.028613628982182,1,A0
23,1,610.0809594700482,11.09568387634903,53.95325212037202,1.844989195001308,-0.17206797605708046,33,3.2454708990097694,0.015151515151515152,1.7769105841711614,0.3333333333333333,5,4,2,14,0.42424242424242425,6,8.89965911620361,1,A0
11,0,458.72648913880937,200.36040103963944,2462.10578296461,1.3321790402101223,0.016408326788111362,2,0.2615937881095162,0.2,1.3321790402101223,0.0,0,0,0,0,0.0,1,0.0,0,easy_normal
0,1,616.9839938330103,9.556780664216339,36.419870168522074,1.6071889277561417,-0.11134171950740641,39,3.7926429589571042,0.0,1.6695325000022367,0.23076923076923078,4,4,1,23,0.5897435897435898,10,8.834768965964813,1,A0
10,0,489.2241317680925,225.95053825063715,14438.585771538079,0.9502705392332347,0.13844662554070983,2,0.2452863467022999,0.2,1.3321790402101223,0.0,0,0,0,0,0.0,1,0.0,0,easy_normal
14,0,1258.4313161864363,241.73699559180358,5053.519544603101,1.4270610433807247,-0.05304537233673618,5,0.23839203311399085,0.1111111111111111,1.1490596969706202,0.4,0,0,2,0,0.0,0,0.0,0,easy_normal
11,0,1672.8541039564736,144.97201768115926,12214.721269317393,1.5367224694372195,-0.03257526878123611,7,0.2510679197944737,0.14285714285714285,1.3316643102930148,0.14285714285714285,0,0,1,0,0.0,1,0.0,0,easy_normal
11,0,930.211276882718,144.7552619693234,16811.00298398527,1.0027182645175161,0.1495892962080346,3,0.19350442686870864,0.3333333333333333,1.464816384890813,0.3333333333333333,0,0,1,0,0.0,1,0.0,0,easy_normal
12,0,561.0076564125823,72.12477255754187,462.2961698954147,1.8343719702816235,-0.1561050857851102,5,0.5347520601026713,0.1,1.3592367006650063,0.4,0,0,2,0,0.0,1,0.0,0,easy_normal
23,1,491.69472989570676,10.452870180516145,58.83221260055225,1.6236077933466055,-0.06052687872417459,26,3.172700265327007,0.0,1.8386851608627865,0.6923076923076923,8,8,2,10,0.38461538461538464,9,12.38347815041886,1,A0
0,1,1353.4074363337888,29.0663240170117,839.5299866155981,1.0117658797744415,0.16206321346073288,40,1.7733019160152534,0.0,1.694972301881681,0.35,7,6,1,27,0.675,8,34.70557512133511,1,A0
14,0,1234.0311720491982,340.6004028405613,685.6388554476883,1.5607104090414063,-0.23479305766898806,2,0.09724227614180225,0.0,1.3296613488547582,1.0,0,0,2,0,0.0,1,0.0,0,easy_normal
15,0,621.9919153214953,103.50492446811351,3119.022034868988,1.5229550675313184,-0.09087954176487967,5,0.4823213816934195,0.0,1.1490596969706202,0.2,0,0,1,0,0.0,1,0.0,0,easy_normal
11,0,470.01234662562575,320.85638099542984,0.0,0.9502705392332347,0.11873292656106899,1,0.1276562210136816,0.2,1.6094379124341005,1.0,0,0,1,0,0.0,1,0.0,0,easy_normal
8,0,567.2516653741454,59.14930124075719,1162.5552859785273,1.7670091910745693,-0.06921043777734318,7,0.740412105662093,0.13333333333333333,1.430280301911093,0.2857142857142857,0,0,2,0,0.0,2,0.0,0,easy_normal
13,0,1249.1996948406324,146.1542911593066,1897.3498064479068,1.7045514452672967,-0.20079583302236617,7,0.3362152598456901,0.25,0.9596147939120492,0.0,0,0,0,0,0.0,0,0.0,0,easy_normal
20,1,486.76425407038624,21.185933405579508,179.66534439017622,1.5593003451931722,-0.043791947730696744,11,1.3558924972016615,0.023809523809523808,1.9144010499196726,1.3636363636363635,4,9,2,6,0.5454545454545454,10,17.86867862241655,1,A0
15,0,3527.4708967685324,518.7394142214458,31527.10675345887,1.8866967846580784,-0.1628090572504953,6,0.10205612194555341,0.1,1.0888999753452235,0.16666666666666666,0,0,1,0,0.0,0,0.0,0,easy_normal
8,0,943.8605394445287,156.3411094303659,12119.259651422259,1.2265558156134033,0.17735133134115283,5,0.31784356635626804,0.2857142857142857,1.470131920408841,0.4,0,0,2,0,0.0,2,0.0,0,easy_normal
13,0,691.3695352859447,197.9708642483555,16634.86043233999,0.7356219397587946,0.15196404304147831,3,0.26035280817740036,0.25,1.4941751382893083,0.3333333333333333,0,0,1,0,0.0,1,0.0,0,easy_normal
8,0,624.8846443249744,92.5519084796401,2654.883001952197,1.7351264569629226,-0.15943851849989243,5,0.480088609512996,0.0,1.1490596969706202,0.2,0,0,1,0,0.0,1,0.0,0,easy_normal
3,1,402.4542804740971,14.760386331271683,105.4209977948362,1.7905348590193424,-0.06495013622102462,15,2.236278861141163,0.0,1.7467467150253753,0.9333333333333333,6,8,0,5,0.3333333333333333,8,15.467868220125021,1,A0
12,0,319.9158120878741,93.52065847005161,273.9502579988297,1.329661348854758,-0.14706225024318567,2,0.375098683671936,0.0,1.3296613488547582,0.5,0,0,1,0,0.0,2,0.0,0,easy_normal
13,0,342.52599425899064,62.70352732825377,3318.7419866605255,1.0735428464085233,0.04154166041386351,4,0.7006767486923381,0.0,1.2130075659799042,0.25,0,0,1,0,0.0,2,0.0,0,easy_normal
4,1,570.0845906285591,20.390383631660175,273.06509788271177,1.114275905905914,0.13047572440577923,19,1.9997032348183073,0.0,1.8098535830761902,1.105263157894737,15,4,2,7,0.3684210526315789,10,24.920326442260464,1,A0
13,0,601.5394433501422,212.27641965876887,25880.005747681847,1.242453324894,0.1445724315467367,2,0.1994881654504421,0.16666666666666666,1.5607104090414063,0.5,0,0,1,0,0.0,1,0.0,0,easy_normal
19,1,856.5516858781867,17.03980829622021,205.70520193173152,1.2934799916246027,0.04805722649690321,38,2.661835867688955,0.0,1.7566611958334266,0.47368421052631576,12,5,1,18,0.47368421052631576,11,17.222635916705695,1,A0
11,0,447.6898608757898,107.54204585500506,525.246735048531,1.6094379124341005,-0.23600005038184158,2,0.26804270207337494,0.2,1.3321790402101223,0.5,0,0,1,0,0.0,0,0.0,0,easy_normal
9,0,1211.5359153539646,260.238385327938,21851.058287525168,1.159588814308626,0.13747818063595682,4,0.19809565441556154,0.2727272727272727,1.3421131789144003,0.5,0,0,2,0,0.0,0,0.0,0,easy_normal
9,0,1531.666281154424,223.19620667715935,13094.719184298503,1.5941666991180168,-0.038780057762449666,6,0.23503814403269774,0.0,1.1685184057430877,0.3333333333333333,0,0,2,0,0.0,1,0.0,0,easy_normal
13,0,237.71580012668244,62.430311721097766,95.22939971413446,1.5607104090414063,-0.05757491806134407,2,0.5048044763370804,0.16666666666666666,1.5607104090414063,0.5,0,0,1,0,0.0,1,0.0,0,easy_normal
8,0,722.4433354698928,141.15505709521776,967.4967546903131,1.7328679513998633,-0.18111187774639842,4,0.33220598518484334,0.125,1.3862943611198906,0.25,0,0,1,0,0.0,1,0.0,0,easy_normal
12,0,683.1794907375639,162.92147491260118,9664.987591774627,0.9002560512685369,0.09943094719684649,4,0.35129860198363805,0.125,1.2130075659799042,0.0,0,0,0,0,0.0,2,0.0,0,easy_normal
10,0,1386.7920741783662,184.94062853244213,38254.38283798879,0.8855741515766717,0.16100637100454032,7,0.30285722554971894,0.09090909090909091,1.0335620542068176,0.0,0,0,0,0,0.0,2,0.0,0,easy_normal
17,0,505.40543590478273,167.89291804737124,27.47297145320684,1.3296613488547582,-0.13935662092762915,2,0.23743314075198774,0.0,1.3296613488547582,1.0,0,0,2,0,0.0,1,0.0,0,easy_normal
9,0,1164.0155806145367,177.16967645764163,5681.31493640832,1.8310204811135165,-0.11563835644233475,5,0.257728508961724,0.2222222222222222,1.1490596969706202,0.2,0,0,1,0,0.0,0,0.0,0,easy_normal
14,0,597.5058155172401,60.61836382638376,260.42935349806095,1.8200759753606213,-0.2554025646073632,6,0.6025045960236562,0.08333333333333333,1.3579778549873245,0.3333333333333333,0,0,2,0,0.0,1,0.0,0,easy_normal
8,0,1138.7171844634543,116.29151205851716,5245.898438500212,1.3862943611198906,0.0007448042161744645,8,0.42152696608874707,0.1875,1.18030455699462,0.125,0,0,1,0,0.0,0,0.0,0,easy_normal
5,1,703.537636345453,14.515429032746319,54.51075479896454,1.958812484219555,-0.17966611729493476,29,2.4732152341394005,0.0,1.7240733415227976,0.4827586206896552,9,5,0,17,0.5862068965517241,9,12.18015242373088,1,A0
11,0,660.9680806037184,121.59260418170766,10661.377052019268,0.9404479886553263,0.16273841482935722,5,0.4538797088748741,0.2,1.3592367006650063,0.2,0,0,1,0,0.0,1,0.0,0,easy_normal
16,0,1067.5041194024327,130.7560621178745,3080.119189909605,1.7677614722893296,-0.06214560160636481,6,0.33723523259237703,0.09090909090909091,1.294545165844896,0.16666666666666666,0,0,1,0,0.0,1,0.0,0,easy_normal
9,0,1467.525478376664,163.49768977591117,6688.296857944689,1.4677339293271523,-0.18241414872632736,7,0.28619605328051434,0.08333333333333333,1.2342678660790767,0.2857142857142857,0,0,2,0,0.0,1,0.0,0,easy_normal
20,1,469.4375724798129,11.166208108900848,70.70685350612098,1.1415138329971775,0.06452844914068327,26,3.323125568665649,0.0,1.672195944935134,0.6153846153846154,14,2,0,11,0.4230769230769231,7,10.340846909864778,1,A0
14,0,1228.3816778258722,240.32326091771458,2099.36878623292,1.234267866079077,0.05306104969772375,4,0.1953790131620808,0.25,1.5171063970610277,0.5,0,0,2,0,0.0,2,0.0,0,easy_normal
8,0,1826.094320275363,235.41450331728893,17348.855520007135,1.7201934592198251,-0.07935187038075124,7,0.2299990725214384,0.0,0.8599672810355049,0.0,0,0,0,0,0.0,1,0.0,0,easy_normal
14,0,371.5654985888103,73.49881545748907,3152.8057744789235,1.2130075659799042,0.01840505255356431,3,0.48443679696751235,0.125,1.4941751382893083,0.6666666666666666,0,0,2,0,0.0,1,0.0,0,easy_normal
12,0,497.30710416365264,108.77925806445255,2608.756625797515,1.277034259466139,-0.07972486514803064,4,0.4825991786375555,0.0,0.9556998911125343,0.0,0,0,0,0,0.0,2,0.0,0,easy_normal
9,0,420.85519629284613,192.6306997704886,9298.900181926263,0.8675632284814612,0.19015939045613808,2,0.2851337017031856,0.16666666666666666,1.5607104090414063,0.5,0,0,1,0,0.0,1,0.0,0,easy_normal
11,0,1173.7010453222651,154.560861931002,8840.946740604946,1.4141754640569788,0.10322680314069685,7,0.3578424009025909,0.2,1.3953970923267898,0.2857142857142857,0,0,2,0,0.0,2,0.0,0,easy_normal
8,0,1012.287089352581,107.40912478135994,12143.977577037336,1.303875529336385,0.07256565747599089,6,0.3556303382573434,0.07692307692307693,1.4180693652516903,0.3333333333333333,0,0,2,0,0.0,2,0.0,0,easy_normal
12,0,546.0176816397279,165.16142300444184,5988.329816218859,1.0027182645175161,0.17527320571252772,3,0.3296596539867498,0.3333333333333333,1.464816384890813,0.3333333333333333,0,0,1,0,0.0,1,0.0,0,easy_normal
10,0,1972.9443981244044,243.80317989898458,23011.64824004276,1.412744636863848,0.0036108337239723507,7,0.21287979549716476,0.07692307692307693,1.2636256721237273,0.14285714285714285,0,0,1,0,0.0,1,0.0,0,easy_normal
13,0,799.764573898443,16.20528464791835,109.61733264439319,1.755439013487205,-0.11200956041110384,25,1.8755519423525697,0.0,1.8410033582051917,0.88,13,7,2,15,0.6,11,17.904583931270352,1,A0
11,0,195.8172779155451,52.501145541814,159.08355292142573,1.7917594692280547,-0.1696830967321415,2,0.612816199251607,0.16666666666666666,1.5607104090414063,0.5,0,0,1,0,0.0,1,0.0,0,easy_normal
17,0,829.7235643732957,110.08392133381756,5436.601185745677,1.540305825226517,-0.0045520315349143105,7,0.506192686376496,0.18181818181818182,1.0335620542068176,0.14285714285714285,0,0,1,0,0.0,0,0.0,0,easy_normal
2,1,264.51291998810416,11.07234231388643,128.61932076339676,1.203381088599145,0.08143568204405989,12,2.721984241950753,0.0,1.6882564566505964,1.3333333333333333,11,5,0,7,0.5833333333333334,6,10.208612549564972,1,A0
8,0,390.05979108253746,16.734164926528887,76.59047637200288,1.724978357983896,-0.08517941673730042,11,1.6920482835933803,0.0,1.84371462613854,1.8181818181818181,10,8,2,7,0.6363636363636364,4,19.866471120305306,1,A0
12,0,908.5268222659652,156.76448393019484,5155.244713633729,1.8343719702816235,-0.047249339655071255,4,0.26416391252094656,0.1,1.4708084763221114,0.25,0,0,1,0,0.0,2,0.0,0,easy_normal
17,0,1214.5642259974156,208.69507500692725,20116.88204143222,1.3667110520552042,0.09447084529164945,5,0.24700217047281808,0.18181818181818182,1.4142790651247086,0.2,0,0,1,0,0.0,1,0.0,0,easy_normal
13,0,887.3781941784539,113.87880480264089,5180.398711623545,1.4180693652516905,0.032555237505805135,7,0.4733043957529759,0.15384615384615385,1.1569876443452742,0.14285714285714285,0,0,1,0,0.0,0,0.0,0,easy_normal
13,0,775.1374940323553,191.65638708890506,602.5079528918027,1.3296613488547582,-0.19411167380774785,3,0.2322168665375985,0.16666666666666666,1.2424533248940002,0.3333333333333333,0,0,1,0,0.0,0,0.0,0,easy_normal
11,0,375.9385419816805,99.96299703731715,212.14385409242416,1.3296613488547582,-0.1948205502516148,3,0.47880166542958874,0.3333333333333333,1.0114042647073516,0.0,0,0,0,0,0.0,0,0.0,0,easy_normal
13,0,949.4526434982475,150.66343547176118,17896.812046221345,1.1685184057430877,0.16886110880038682,6,0.37916583040264557,0.18181818181818182,1.1685184057430877,0.0,0,0,0,0,0.0,1,0.0,0,easy_normal
19,1,468.85122120432135,12.999932451265513,66.65489209425569,1.6124366238854377,-0.06961704757692104,24,3.0713367799301525,0.018867924528301886,1.8836720478397226,0.5833333333333334,8,4,2,12,0.5,6,15.670126515141076,1,A0
8,0,947.15564046462,220.36703675622397,5594.572213429396,1.5498260458782016,-0.08571444258967904,4,0.2533902452212287,0.14285714285714285,0.9556998911125343,0.0,0,0,0,0,0.0,0,0.0,0,easy_normal
11,0,981.2026250592447,176.56428940505475,11330.076775618576,1.4648163848908131,0.00872697082999961,5,0.3057472456128887,0.1111111111111111,1.1490596969706202,0.4,0,0,2,0,0.0,0,0.0,0,easy_normal
20,1,455.1079509378362,14.617771298869275,150.04090103729507,1.3403437887807002,-0.028491392143507002,16,2.1093896470534914,0.0,1.7214959127824145,0.6875,9,2,0,8,0.5,7,17.674002036197017,1,A0
16,0,267.43393484376276,114.8068067556303,3341.4481721142065,1.0986122886681096,-0.1991297011818579,2,0.44870894963313107,0.0,0.6365141682948128,0.0,0,0,0,0,0.0,0,0.0,0,easy_normal
20,1,479.7812597791979,21.63508992783634,250.14483095255184,1.1838102464764357,0.10259180175708865,18,2.2510258122566755,0.0,1.806863282722444,0.8333333333333334,6,8,1,10,0.5555555555555556,3,21.163437582637624,1,A0
12,0,432.73715290648346,96.49382567628885,4073.176927764378,1.294545165844896,0.13734796077100697,3,0.41595688928262387,0.36363636363636365,1.4681399390162087,0.3333333333333333,0,0,1,0,0.0,2,0.0,0,easy_normal
10,0,909.0593970109986,105.28080857535502,8030.360398885394,1.303875529336385,0.08844906122975885,8,0.5280183028504489,0.0,1.0317671113505356,0.125,0,0,1,0,0.0,1,0.0,0,easy_normal
9,0,314.7060192226026,44.70165087897326,40.171737280154794,1.3296613488547582,-0.13038316993532653,2,0.38130824537906216,0.16666666666666666,1.5607104090414063,0.5,0,0,1,0,0.0,1,0.0,0,easy_normal
14,0,346.9386891003862,78.6872887482417,56.26570074997735,0.9002560512685369,0.15109830923482234,2,0.3458824390878994,0.25,1.559581156259877,0.5,0,0,1,0,0.0,2,0.0,0,easy_normal
14,0,568.8970917797524,73.71172165992114,2146.4495225024752,1.4451858789480827,-0.024550373740232796,6,0.632803375516944,0.08333333333333333,1.3143738430069454,0.16666666666666666,0,0,1,0,0.0,1,0.0,0,easy_normal
12,0,1221.1054128787719,236.84428546994724,22406.80498750851,1.4270610433807247,0.07896258571678354,5,0.245679035434579,0.2222222222222222,1.1490596969706202,0.2,0,0,1,0,0.0,0,0.0,0,easy_normal
10,0,1256.2616323546226,231.1644745743135,47817.60163124934,0.6001660731596457,0.2292593185115638,5,0.23880375892536596,0.09090909090909091,1.4142790651247086,0.2,0,0,1,0,0.0,2,0.0,0,easy_normal
14,0,636.1046219793632,117.14690242024135,5297.548134793411,1.294545165844896,0.11788501936764113,5,0.4716205316453946,0.2727272727272727,1.2406842919533958,0.2,0,0,1,0,0.0,0,0.0,0,easy_normal
8,0,547.2566565119122,89.19905926281429,534.2137974514062,1.3862943611198906,0.019571128880583648,3,0.3289133130828934,0.125,1.4941751382893083,0.3333333333333333,0,0,1,0,0.0,2,0.0,0,easy_normal
19,1,583.970156188592,15.50733157629114,161.06698447546373,1.1450793628250886,0.06886028988829694,26,2.671369390144316,0.015873015873015872,1.8482680889812975,0.8461538461538461,14,7,1,14,0.5384615384615384,7,14.820893081467398,1,A0
12,0,1427.7479445343604,170.65134294932324,14282.08884907077,1.4680602034990462,0.08228883830327956,8,0.33619379515657094,0.07142857142857142,1.252762968495368,0.25,0,0,2,0,0.0,1,0.0,0,easy_normal
14,0,547.4448976365537,233.6655222045897,0.0,0.9556998911125343,0.1442265664587275,1,0.1096000716401484,0.14285714285714285,1.5498260458782016,2.0,0,0,2,0,0.0,2,0.0,0,easy_normal
4,1,576.5254175045222,9.555047705498481,37.20357084633063,1.5138698609559504,-0.08618615762304457,39,4.058797633118483,0.0,1.7946129584571628,0.5384615384615384,11,8,2,21,0.5384615384615384,9,9.026011530386201,1,A0
9,0,1112.6340962004667,191.2648938309275,3509.511048331338,1.6417347121875212,-0.03884839165146814,5,0.26963042119998815,0.2727272727272727,1.2406842919533958,0.0,0,0,0,0,0.0,1,0.0,0,easy_normal
8,0,412.8039125669866,153.6441555033401,0.0,0.9502705392332347,0.011339248789910184,1,0.14534745958897294,0.0,1.3321790402101223,2.0,0,0,2,0,0.0,1,0.0,0,easy_normal
9,0,656.1864745045426,262.418308284159,0.0,1.3862943611198906,0.06640138629876588,1,0.09143742264011666,0.25,1.559581156259877,2.0,0,0,2,0,0.0,2,0.0,0,easy_normal
8,0,852.7844642228229,149.20125154290196,3754.0195681471987,1.6769877743224175,-0.08943263890750089,5,0.3517887726453861,0.1111111111111111,1.1490596969706202,0.0,0,0,0,0,0.0,1,0.0,0,easy_normal
9,0,642.0974007334804,116.68246104800944,2622.736760288913,1.2206072645530175,0.04518291305877288,3,0.2803313014417789,0.3,1.5047882836811908,0.3333333333333333,0,0,1,0,0.0,2,0.0,0,easy_normal
11,0,193.34522437047093,40.38968434385633,429.5186222224549,1.329661348854758,-0.38348398754178475,2,0.6206514817767966,0.16666666666666666,1.3296613488547582,1.0,0,0,2,0,0.0,0,0.0,0,easy_normal
22,1,400.4157720805896,13.606293901281115,244.287753523827,0.776540242830365,0.21633391366866256,19,2.847040699911686,0.0,1.7709799677958216,1.263157894736842,14,9,1,14,0.7368421052631579,5,14.60153484879956,1,A0
9,0,1809.6460011723318,260.16342723870696,16897.72745026147,1.7201934592198251,-0.05923138306768588,6,0.19893393501645262,0.2727272727272727,0.9949236325717752,0.0,0,0,0,0,0.0,0,0.0,0,easy_normal
13,0,1476.1501246944624,204.83896863223944,13097.2605049997,1.3020613918729727,0.17172490476225433,6,0.2438776341088707,0.3157894736842105,1.4934105992200841,0.3333333333333333,0,0,2,0,0.0,2,0.0,0,easy_normal
19,1,745.3174062301584,12.083690328574859,57.98925937819347,1.6902975216568132,-0.08066320122448936,44,3.5421150478065613,0.01282051282051282,1.7278953134367905,0.36363636363636365,7,8,1,28,0.6363636363636364,6,12.204360442028603,1,A0
13,0,699.5495695947462,99.13551607994486,3215.762521902751,1.4735023850806486,0.01593200576015202,4,0.3430779038846863,0.16666666666666666,1.5607104090414063,0.5,0,0,2,0,0.0,2,0.0,0,easy_normal
23,1,238.19505575384778,10.036703749109353,29.570928967904624,1.5057765042561972,-0.07177682656728412,14,3.526521561673644,0.0,1.7260688705486078,1.0714285714285714,6,8,1,12,0.8571428571428571,3,9.987243955977444,1,A0
14,0,442.94386539698723,122.51414143457346,393.0394083241776,1.0888999753452238,0.08552844455645614,3,0.4063720350628978,0.5,1.1682824501765625,0.0,0,0,0,0,0.0,1,0.0,0,easy_normal
15,0,955.3613840358753,266.84442352025786,7553.146706031997,1.3592367006650063,0.0903905307599802,2,0.12560691902059734,0.5,1.3592367006650063,0.5,0,0,1,0,0.0,1,0.0,0,easy_normal
14,0,1644.5083373381176,151.32601128745296,12593.191971241544,1.3633631023481716,0.0996092569502322,8,0.2918805512272146,0.25,1.2996509635498974,0.125,0,0,1,0,0.0,1,0.0,0,easy_normal
13,0,650.7327631230808,120.8721338991015,1571.6786139191295,1.5607104090414063,-0.08271946819455137,2,0.18440749690253877,0.16666666666666666,1.5607104090414063,0.5,0,0,1,0,0.0,1,0.0,0,easy_normal
10,0,359.20264620489434,140.6682243823296,6726.590485956738,1.15374194270109,0.17315492276344188,2,0.3340732627330097,0.2857142857142857,1.351783994289646,0.0,0,0,0,0,0.0,2,0.0,0,easy_normal
12,0,1385.8280539593259,153.67201836445452,8295.457020855934,1.6307991045856434,-0.019806753159154537,8,0.34636331587359254,0.07142857142857142,1.0547209169068124,0.125,0,0,1,0,0.0,0,0.0,0,easy_normal
15,0,933.6050812122288,22.91599278722076,436.4682280812559,1.0603318145274,0.10791518594061061,30,1.9280100721632862,0.014492753623188406,1.8434809535121814,0.7666666666666667,13,9,1,16,0.5333333333333333,9,21.139969660888532,1,A0
10,0,1254.1075922617724,191.29926815488614,7114.401900686683,1.7480673485460896,-0.1429188814655983,5,0.23921392538494446,0.0,1.2206072645530175,0.4,0,0,2,0,0.0,1,0.0,0,easy_normal
11,0,1147.86946387968,150.83937529437304,458.36511269343197,1.4750763110546947,-0.32072761846542536,4,0.2090830077392466,0.14285714285714285,0.9556998911125343,0.0,0,0,0,0,0.0,0,0.0,0,easy_normal
8,0,548.7637084915838,114.98634662082553,13752.59740894138,1.1490596969706204,0.20909105555828397,4,0.4373467054876877,0.0,1.2730283365896256,0.25,0,0,1,0,0.0,2,0.0,0,easy_normal
12,0,878.0328854070378,179.17197455381393,11366.454354513953,1.3030924037617193,0.028552324163802864,4,0.27333828150268086,0.2222222222222222,1.4270610433807247,0.25,0,0,1,0,0.0,1,0.0,0,easy_normal
13,0,810.9743688524043,12.822519748953594,79.65186572816866,1.3684957171269903,-0.1255820166832862,44,3.25534332698556,0.0,1.6606286269884365,0.3181818181818182,3,10,1,29,0.6590909090909091,10,13.651669049289163,1,A0
16,0,911.8165558263397,105.17391293039607,5006.415768215872,1.475076311054695,0.007318503634886671,7,0.4606189669580766,0.21428571428571427,1.1952684170869834,0.14285714285714285,0,0,1,0,0.0,0,0.0,0,easy_normal
14,0,521.2202351349606,203.67604600483043,8193.764079927078,1.242453324894,0.08202226614363821,2,0.23022897407067888,0.16666666666666666,1.3296613488547582,0.0,0,0,0,0,0.0,2,0.0,0,easy_normal
11,0,819.7380727089064,361.92958315123377,330.0324357584177,0.6931471805599453,-0.13080912217582802,2,0.14638822325703135,0.0,1.0397207708399179,0.5,0,0,1,0,0.0,0,0.0,0,easy_normal
13,0,799.0063403396142,130.36975254716955,2706.1780351278726,1.2650013752730702,-0.018686850055196776,5,0.37546635721624727,0.25,1.4241299173467736,0.4,0,0,2,0,0.0,1,0.0,0,easy_normal
13,0,731.365743701219,124.48716933764577,12388.414777178663,1.3592367006650063,0.1400434819359281,5,0.41019148433421493,0.0,1.2206072645530175,0.2,0,0,1,0,0.0,2,0.0,0,easy_normal
17,0,768.8059692065533,170.8921003303049,7620.518828063461,1.4750763110546947,-0.06174236845053896,4,0.31217239409274117,0.0,1.15374194270109,0.25,0,0,1,0,0.0,1,0.0,0,easy_normal
13,0,610.8164034748755,13.065180915235745,54.031771089965495,1.7853373207467662,-0.11426211903241552,27,2.65218810559765,0.02857142857142857,1.8506226803401309,0.8148148148148148,14,7,1,9,0.3333333333333333,6,15.351443666986007,1,A0
12,0,395.39423990798184,326.12386941960295,0.0,0.410116318288409,0.3243675099562431,1,0.15174727890311074,0.5714285714285714,1.15374194270109,1.0,0,0,1,0,0.0,0,0.0,0,easy_normal
23,1,458.9741711156433,11.315887715512014,48.92456331522008,1.7941886839528896,-0.11426542310572464,19,2.483799899303626,0.0,1.832039976416877,1.2105263157894737,13,8,2,7,0.3684210526315789,5,14.071103289346981,1,A0
10,0,270.3262558125877,58.807517457299646,1575.035352422082,1.4750763110546947,-0.03264051451965249,3,0.6658620689985465,0.14285714285714285,1.4750763110546947,0.3333333333333333,0,0,1,0,0.0,1,0.0,0,easy_normal
16,0,403.8618058744198,59.215878615920325,2711.8317475600415,1.5810937501718239,0.04246115226823494,6,0.8913940233108882,0.1111111111111111,1.0027182645175161,0.0,0,0,0,0,0.0,1,0.0,0,easy_normal
9,0,221.7813936858274,82.06498647715746,329.6350405011804,1.242453324894,-0.04039241349416692,2,0.5410733425635805,0.0,1.3296613488547582,0.5,0,0,1,0,0.0,2,0.0,0,easy_normal
14,0,590.8254773404768,128.1631845776243,3549.6509409614587,1.4270610433807247,0.0008421704821999406,3,0.30465849375732124,0.3333333333333333,1.310783678099714,0.0,0,0,0,0,0.0,2,0.0,0,easy_normal
15,0,864.2613549369873,167.35719109888183,20466.53900681937,0.9404479886553263,0.13244324869626783,4,0.27769377703750064,0.1,1.4708084763221114,0.5,0,0,2,0,0.0,1,0.0,0,easy_normal
10,0,1175.1694737916985,205.64123812664826,11151.87647848047,1.294545165844896,0.04140183992130162,5,0.25528232879641294,0.2727272727272727,1.2406842919533958,0.2,0,0,1,0,0.0,0,0.0,0,easy_normal
12,0,846.7348967496794,152.70456770886813,7074.324752801229,1.4708084763221112,0.04073229206463931,5,0.3543021566154833,0.1,1.3592367006650066,0.2,0,0,1,0,0.0,1,0.0,0,easy_normal
10,0,860.0135447934172,172.16013113209374,12430.839703792717,1.4270610433807247,0.04042265737815958,4,0.2790653722292829,0.1111111111111111,1.2730283365896256,0.0,0,0,0,0,0.0,2,0.0,0,easy_normal
9,0,1379.1923810680187,159.2074581303729,17611.94456268945,1.3316643102930148,0.07897574201603572,7,0.3045260442018687,0.07142857142857142,1.1709971261162124,0.0,0,0,0,0,0.0,2,0.0,0,easy_normal
12,0,498.53218449042765,91.65600540591191,4567.960943751624,1.2130075659799042,0.02495908346422379,5,0.6017665645933042,0.0,1.073542846408523,0.2,0,0,1,0,0.0,1,0.0,0,easy_normal
11,0,616.2599085326117,22.247897852384533,145.06291067115188,1.7714182407292782,-0.1046712291605071,13,1.2656997302603588,0.0,1.782992731744909,1.6153846153846154,11,9,1,10,0.7692307692307693,8,25.68115441503743,1,A0
16,0,322.5469870905434,122.78583557030623,12.84617520323749,1.0397207708399179,-0.2704074910525594,2,0.37203881853751236,0.0,1.0397207708399179,0.5,0,0,1,0,0.0,0,0.0,0,easy_normal
14,0,960.7620968139126,146.0573034205041,3191.4188333420107,1.5047882836811908,-0.11982758465771347,5,0.3122521183910799,0.3,1.1682824501765625,0.2,0,0,1,0,0.0,0,0.0,0,easy_normal
4,1,687.2943088689277,14.702529099092837,83.14658043068921,1.4591363349578448,-0.07774192868685911,35,3.055459608644142,0.0,1.7207353075368095,0.45714285714285713,11,4,1,22,0.6285714285714286,7,12.87873737760193,1,A0
12,0,430.06221985644964,103.22108574970446,1691.360881208701,1.277034259466139,-0.03335968541304532,4,0.558058785261606,0.2857142857142857,0.9556998911125343,0.0,0,0,0,0,0.0,0,0.0,0,easy_normal
9,0,885.5872180093313,124.77259482761004,9708.43912568709,1.040839837423239,0.19201844048979447,6,0.4065099322562792,0.4375,1.2493432310675612,0.16666666666666666,0,0,1,0,0.0,1,0.0,0,easy_normal
8,0,595.9900989240568,105.98954978938254,4635.3222808772625,1.4270610433807247,-0.03585051632722804,4,0.40269125348436646,0.2222222222222222,1.2730283365896256,0.0,0,0,0,0,0.0,1,0.0,0,easy_normal
1,1,276.2259681973071,11.864241563894096,57.03402225582435,1.7352361847801137,-0.009771855856874338,14,3.0409885264660974,0.024390243902439025,1.8706504174242287,1.0714285714285714,10,4,1,9,0.6428571428571429,7,10.9894320764592,1,A0
4,1,659.6325906773552,19.491390108607742,135.5477630971822,1.601947930771712,-0.009917049677703614,27,2.455912613924177,0.0,1.6775991195231335,0.4444444444444444,9,3,0,17,0.6296296296296297,12,18.681696002553192,1,A0
12,0,605.5381801395479,10.058028065171216,40.66512158268733,1.6761295801113778,-0.15386297591280096,36,3.5670748283819567,0.0,1.7709625317515743,0.6111111111111112,14,6,2,23,0.6388888888888888,11,10.771444408266934,1,A0
4,1,357.10895353494374,14.55266141398751,115.75896025135714,1.3425647970076842,0.08088277861373099,13,2.1842073470265864,0.047619047619047616,1.8150242438270028,1.3846153846153846,11,7,0,9,0.6923076923076923,3,18.876209735662208,1,A0
12,0,824.8458668552886,205.48348984034436,4604.980033589502,1.4941751382893085,-0.059925679592566734,2,0.14548172552224578,0.125,1.559581156259877,1.0,0,0,2,0,0.0,2,0.0,0,easy_normal
9,0,623.0755367264359,109.62187285734646,7683.9752436560375,1.277034259466139,-0.04315707253560192,5,0.48148255278351,0.0,0.796311640173813,0.0,0,0,0,0,0.0,1,0.0,0,easy_normal
8,0,1003.1142295581598,161.07010278538772,20814.946944158582,1.0888999753452238,0.14477296896387332,6,0.3588823579529608,0.1,1.2275294114572126,0.16666666666666666,0,0,1,0,0.0,1,0.0,0,easy_normal
11,0,912.4796497226525,142.97163071274227,1996.020266778401,1.7328679513998633,-0.3106321219462822,5,0.32877445550833356,0.125,0.9002560512685369,0.0,0,0,0,0,0.0,0,0.0,0,easy_normal
1,1,949.0405869302326,12.730596484017298,53.670620512198376,1.741929400755697,-0.11256485617166444,48,3.034643659778187,0.0,1.64828655388497,0.2916666666666667,8,6,0,30,0.625,11,12.046070643302322,1,A0
13,0,1603.6269465125365,301.307753602013,40804.918628549785,1.2342678660790765,0.18180877105491888,5,0.18707592850844798,0.3333333333333333,1.3522093992338282,0.2,0,0,1,0,0.0,1,0.0,0,easy_normal
11,0,986.1417641406744,297.85550787410546,83139.79114312024,0.8675632284814612,0.19529788203593207,3,0.18252953738030994,0.0,1.2424533248940002,0.3333333333333333,0,0,1,0,0.0,1,0.0,0,easy_normal
2,1,556.3691116179292,8.513561211762875,32.56021875871988,1.5524814708879775,-0.07811558395772605,48,5.176419646347583,0.0,1.5773072851223282,0.3125,6,8,1,30,0.625,2,8.057693824954445,1,A0
13,0,1054.268801268313,196.68683905538637,18000.84068578663,1.3208883431493221,-0.058500657319373414,4,0.22764592835458447,0.0,1.0397207708399179,0.5,0,0,2,0,0.0,0,0.0,0,easy_normal
12,0,1298.6325125011258,252.7557328697535,27398.58642720845,1.4750763110546947,-0.026657612477131973,5,0.23101223564949053,0.0,0.796311640173813,0.0,0,0,0,0,0.0,1,0.0,0,easy_normal
12,0,613.1556482426311,277.20652225399954,16231.575417649356,0.8675632284814612,0.17030682063201516,2,0.1957088715466174,0.16666666666666666,1.3296613488547582,0.0,0,0,0,0,0.0,2,0.0,0,easy_normal
13,0,618.4991036640558,168.7324781955642,1247.1157761181075,1.5498260458782016,-0.08022305202225691,3,0.2910270992046075,0.14285714285714285,1.4750763110546947,0.3333333333333333,0,0,1,0,0.0,1,0.0,0,easy_normal
5,1,926.5396733761839,14.648060237234958,153.3019555753996,1.415574699919199,0.011563590669475746,48,3.1083396456253984,0.023255813953488372,1.6842745329792546,0.25,6,5,1,32,0.6666666666666666,6,15.892693669681556,1,A0
8,0,1243.5806265875324,136.98118326857758,11383.09490699026,1.3579778549873243,-0.018601135494821775,8,0.38598221115518005,0.0,0.9830877585747855,0.125,0,0,1,0,0.0,1,0.0,0,easy_normal
4,1,585.751180191132,10.057962692821315,44.210870971588015,1.5603166506639665,-0.09182320469841049,44,4.507033172581166,0.0,1.6139170342538167,0.25,3,7,1,27,0.6136363636363636,5,10.700911430090056,1,A0
12,0,1035.6969288082537,211.73781992673145,17557.622762053074,1.2130075659799042,0.00825802191926023,4,0.23172802132006032,0.125,1.3862943611198906,0.25,0,0,1,0,0.0,1,0.0,0,easy_normal
12,0,855.7150559034726,160.52269003616416,3467.4508015576494,1.4270610433807247,-0.05321984519502518,5,0.3505839916340574,0.0,0.9950269901795212,0.0,0,0,0,0,0.0,2,0.0,0,easy_normal
9,0,1283.867529617328,157.4522394483244,10160.219990654648,1.6769877743224175,-0.15743578212546716,8,0.3738703479346266,0.0,0.34883209584303193,0.0,0,0,0,0,0.0,0,0.0,0,easy_normal
11,0,682.3189090056258,11.109900556849778,49.145643399518846,1.5772395503396537,-0.07207754405766965,44,3.869158490488548,0.012195121951219513,1.740034507388446,0.38636363636363635,12,4,1,27,0.6136363636363636,11,10.3319014620847,1,A0
12,0,215.10590093276758,191.61542543214932,0.0,0.6365141682948128,0.08600330878254615,1,0.2789323758196354,0.0,1.0986122886681096,0.0,0,0,0,0,0.0,1,0.0,0,easy_normal
15,0,332.57993940592905,143.38890854641403,5983.401518951327,0.7963116401738131,0.21662031321955966,2,0.3608155086393665,0.2857142857142857,1.5498260458782016,0.5,0,0,1,0,0.0,1,0.0,0,easy_normal
11,0,273.97307404375846,166.0418354978894,0.0,1.0397207708399179,-0.08226947571152869,1,0.21899962326376973,0.0,1.3862943611198906,1.0,0,0,1,0,0.0,1,0.0,0,easy_normal
2,1,611.593019632625,11.538886677678088,62.16511759775887,1.5713952178630355,-0.06313281828977968,42,4.120387118730896,0.0,1.6608400135516226,0.38095238095238093,7,7,2,25,0.5952380952380952,2,11.259668447536658,1,A0
10,0,394.3761076143575,64.23981757736526,670.7174616882443,1.9061547465398496,-0.21648331517228953,4,0.6085561355422806,0.125,1.3862943611198906,0.25,0,0,1,0,0.0,1,0.0,0,easy_normal
19,1,1189.5473914858733,14.64854879516741,111.00360338881687,1.6087934359665235,-0.07910442228444418,50,2.5219676168199365,0.010309278350515464,1.6714475438812044,0.26,4,8,1,27,0.54,7,14.17271347045802,1,A0
10,0,468.6377718262132,71.46590417787289,3620.333391522202,1.464816384890813,0.002977820815340998,5,0.6401532655614669,0.0,0.9950269901795212,0.4,0,0,2,0,0.0,0,0.0,0,easy_normal
13,0,356.8745458999479,236.31504254945327,0.0,0.9502705392332347,0.07998123649377252,1,0.16812630850063873,0.2,1.6094379124341005,1.0,0,0,1,0,0.0,1,0.0,0,easy_normal
14,0,663.8943104609626,140.87103928223704,1075.2544448406775,1.294545165844896,0.04114088682062415,4,0.3615033239754088,0.2727272727272727,1.4681399390162084,0.25,0,0,1,0,0.0,2,0.0,0,easy_normal
21,1,476.54129840613615,8.552427266834114,70.00382558094222,1.1213855871335634,0.036778886879889415,34,4.280846186517488,0.0,1.7516126594683739,0.35294117647058826,4,6,2,17,0.5,8,8.845660675517383,1,A0
19,1,543.8875387459617,12.079029310473402,81.69996750150528,1.4141391158972647,0.018640875081367674,32,3.5301415517386787,0.0,1.769077516725969,0.78125,14,10,1,11,0.34375,6,12.760303045652204,1,A0
13,0,1326.8898676971958,156.9749608146024,5832.16210470292,1.559581156259877,0.014439043278027102,7,0.31652966099508006,0.125,1.4553330351928315,0.2857142857142857,0,0,2,0,0.0,2,0.0,0,easy_normal
12,0,584.1664170143508,100.07926864006131,3619.3353499030577,1.6094379124341,0.016057583210142258,5,0.5135522879478196,0.1,1.3592367006650063,0.4,0,0,2,0,0.0,1,0.0,0,easy_normal
1,1,279.3464914828586,11.36897605607384,62.78343470073113,1.2113967683449536,0.055067613423731586,16,3.4365922940503726,0.0,1.760197616884847,0.875,7,7,0,5,0.3125,10,6.899491306950059,1,A0
14,0,218.84961397178944,179.28955791420685,0.0,0.34883209584303193,0.38601848992113674,1,0.2741608674152573,0.3333333333333333,1.5229550675313184,2.0,0,0,2,0,0.0,2,0.0,0,easy_normal
11,0,74.91800185257645,6.942596516136218,0.0,1.0549201679861442,0.014091049325237259,1,0.8008756042114942,0.0,1.3321790402101223,2.0,0,0,2,0,0.0,1,0.0,0,easy_normal
12,0,605.7083073554144,163.48023747566242,7236.125038277441,1.1490596969706204,0.12846904950445084,3,0.29717274439556357,0.1111111111111111,1.5229550675313184,0.6666666666666666,0,0,2,0,0.0,2,0.0,0,easy_normal
17,0,880.2909016593749,293.5741854092639,230.22011878428106,1.2130075659799042,0.047287302500730544,2,0.13631857352358906,0.375,1.4941751382893085,0.5,0,0,1,0,0.0,1,0.0,0,easy_normal
10,0,639.7018261059978,171.7959822368507,3862.836513220727,1.3296613488547582,-0.11898111831655815,3,0.28138109452602095,0.16666666666666666,1.2424533248940002,0.3333333333333333,0,0,1,0,0.0,0,0.0,0,easy_normal
15,0,589.0223872828983,85.0499538844039,2195.538188275868,1.294545165844896,-0.09954112383098268,5,0.5093185021096909,0.2727272727272727,1.2406842919533958,0.4,0,0,2,0,0.0,0,0.0,0,easy_normal
12,0,1520.1309260573976,181.59121322749112,14447.792602535948,1.5367224694372195,0.06699969654735426,8,0.3157622753225113,0.14285714285714285,1.252762968495368,0.125,0,0,1,0,0.0,1,0.0,0,easy_normal
23,1,623.1352944600249,10.964098852168094,67.52991851067515,1.383166552238218,-0.03194214707102851,45,4.332927414005129,0.0,1.6589766235459724,0.24444444444444444,3,7,1,25,0.5555555555555556,9,8.940519909817867,1,A0
5,1,305.21438413788894,7.699644756446741,15.613507643466683,1.3775131772536964,-0.08105622385572156,18,3.5384964016377434,0.058823529411764705,1.8641260525916545,1.0555555555555556,12,7,0,9,0.5,7,8.78555565600464,1,A0
11,0,1201.1045066183683,223.2608452549013,18341.15566271353,1.464816384890813,-0.009443422314915078,4,0.19981608484319519,0.1111111111111111,1.4270610433807247,0.5,0,0,2,0,0.0,1,0.0,0,easy_normal
17,0,651.0743996355592,118.29557186791519,3842.5811107033915,1.4142790651247086,0.07689958073446021,5,0.46077683313600704,0.2727272727272727,1.2406842919533958,0.0,0,0,0,0,0.0,1,0.0,0,easy_normal
15,0,1129.829918107253,254.0881770211137,2287.5782352130145,1.4941751382893085,-0.11505136683004986,3,0.1593160148401318,0.25,1.4941751382893083,0.3333333333333333,0,0,1,0,0.0,1,0.0,0,easy_normal
17,0,455.62826542259035,61.54988915698955,1560.1660033376495,1.540305825226517,-0.0007746343603539916,7,0.9218040931030793,0.09090909090909091,1.0335620542068176,0.0,0,0,0,0,0.0,2,0.0,0,easy_normal
16,0,130.10919708495163,65.36333704517098,0.0,1.3862943611198906,-0.13591369055052407,1,0.46115110495090106,0.25,1.3862943611198906,0.0,0,0,0,0,0.0,1,0.0,0,easy_normal
1,1,1295.645796708191,20.750667413923473,129.84531045413496,1.705903892308708,-0.1706721843664644,42,1.9449760161322558,0.0,1.7486637152423883,0.40476190476190477,7,9,1,21,0.5,10,20.887960440608417,1,A0
14,0,372.3404336689538,86.27008612006335,5175.444726521662,1.15374194270109,0.1112053168933013,4,0.6445714144851186,0.14285714285714285,1.1537419427010902,0.0,0,0,0,0,0.0,1,0.0,0,easy_normal
10,0,376.6618820378262,86.81768170365793,5052.783688337462,0.9556998911125343,0.10185384235750901,4,0.6371762353587402,0.14285714285714285,1.1537419427010902,0.25,0,0,1,0,0.0,0,0.0,0,easy_normal
10,0,1412.3083828819163,184.50551739114374,29276.513395729788,1.3667110520552042,0.0982025089248727,7,0.2973854755028501,0.09090909090909091,1.0335620542068176,0.2857142857142857,0,0,2,0,0.0,0,0.0,0,easy_normal
5,1,291.2362602909762,13.041696549909757,94.25720311060606,1.2438257451890982,0.03525366172994079,14,2.884256236365452,0.0,1.714405529416637,0.9285714285714286,8,5,0,10,0.7142857142857143,7,11.889389614199585,1,A0
12,0,896.2779149455272,110.28821172946837,10798.027488327325,1.3579778549873245,0.10761510505638502,7,0.4686046515220965,0.08333333333333333,1.2342678660790767,0.14285714285714285,0,0,1,0,0.0,1,0.0,0,easy_normal
13,0,825.7811840794561,385.06355236329443,82637.9740027021,0.8675632284814612,0.2735891263027366,2,0.1453169463212832,0.16666666666666666,1.3296613488547582,0.0,0,0,0,0,0.0,2,0.0,0,easy_normal
17,0,1310.354890367095,249.0263307020652,22028.92263463081,1.3592367006650063,0.09314539980362778,5,0.2289456102353731,0.1,1.3592367006650066,0.2,0,0,1,0,0.0,1,0.0,0,easy_normal
1,1,451.7083265277816,14.03284926145335,74.6460383981272,1.6109001330391577,-0.0641431397257593,16,2.125265228957334,0.0,1.7743856049089983,1.125,13,4,1,9,0.5625,4,12.20576111581915,1,A0
20,1,456.70294157794586,18.00901206043587,187.43070471304978,1.2765165378052605,0.061573859030305086,17,2.233399234250204,0.0,1.8185707217185074,1.1176470588235294,8,9,2,13,0.7647058823529411,6,15.742827680554118,1,A0
8,0,382.55656455698346,89.1955619507766,1.7009151023008295,1.2130075659799042,0.048540452891525886,2,0.31367910295557216,0.125,1.559581156259877,1.0,0,0,2,0,0.0,2,0.0,0,easy_normal
11,0,614.9759274871129,16.629560425280857,114.51340026152072,1.7936875319975363,-0.054973562215501454,22,2.1464254794390487,0.0,1.8030984754617654,0.5909090909090909,8,4,1,10,0.45454545454545453,8,18.13599991264402,1,A0
10,0,372.81349778371657,12.950497530338831,104.51390499979888,1.3195781922124548,0.04693532330287428,20,3.2187675798588335,0.0,1.78362278916708,1.0,10,9,1,12,0.6,3,13.46789706038665,1,A0
15,0,1312.9134803399536,171.52483672879845,12397.18465292793,1.5941666991180168,-0.016277533435622712,7,0.31989922130379,0.09090909090909091,1.0335620542068176,0.14285714285714285,0,0,1,0,0.0,0,0.0,0,easy_normal
17,0,637.3865424073754,108.7442475778865,5384.350548916425,1.4941751382893085,-0.05922483604387289,5,0.4706720020584617,0.125,0.9002560512685369,0.0,0,0,0,0,0.0,0,0.0,0,easy_normal
13,0,1280.6200351553123,223.23355181434994,14117.005375775716,1.4978661367769952,0.004077369544390416,5,0.23426152314071544,0.1,1.3592367006650066,0.2,0,0,1,0,0.0,1,0.0,0,easy_normal
8,0,423.76794801512324,158.2200065952573,3714.729900581313,1.15374194270109,0.09206392436912872,2,0.2831738468236335,0.14285714285714285,1.5498260458782016,1.0,0,0,2,0,0.0,1,0.0,0,easy_normal
12,0,1920.78526989923,322.1662081964207,10338.864744249197,1.2730283365896256,-0.1957162522021945,5,0.1561861206983011,0.0,0.9950269901795212,0.4,0,0,2,0,0.0,0,0.0,0,easy_normal
13,0,815.3836644840396,85.75282212910199,1504.9872262691222,1.907283999321379,-0.20811312295785117,7,0.5150949403257528,0.08333333333333333,1.2342678660790767,0.14285714285714285,0,0,1,0,0.0,1,0.0,0,easy_normal
16,0,2729.383550730726,349.4433898350802,38268.6556234858,1.414175464056979,0.06489502245453074,7,0.1538809010142804,0.13333333333333333,1.3953970923267898,0.14285714285714285,0,0,1,0,0.0,2,0.0,0,easy_normal
13,0,1197.6869075814484,109.59713278617394,6011.975716413258,1.6731183626432506,-0.10083487669857034,7,0.35067595491056,0.21428571428571427,1.3316643102930148,0.14285714285714285,0,0,1,0,0.0,1,0.0,0,easy_normal
13,0,409.45454699557297,10.409326538187061,88.54240001935543,1.038761302747685,0.07071666009218747,28,4.103019522746109,0.01639344262295082,1.7347118857041313,0.5357142857142857,12,3,0,15,0.5357142857142857,5,10.154314875233808,1,A0
10,0,136.04853379724102,47.76912630073821,9.18724300619135,1.3321790402101223,-0.19969399452416398,2,0.8820381716045625,0.0,1.0549201679861442,1.0,0,0,2,0,0.0,0,0.0,0,easy_normal
5,1,427.0131565168276,8.256463742061298,28.318884473072302,1.5903018012827255,-0.13222007649396084,35,4.917881259513941,0.0,1.665403218649579,0.3142857142857143,5,6,0,18,0.5142857142857142,6,8.07275555330093,1,A0
12,0,690.9040339168354,196.6427020893524,8434.02327503353,1.4750763110546947,0.031955223379417405,3,0.2605282226817433,0.14285714285714285,1.277034259466139,0.0,0,0,0,0,0.0,2,0.0,0,easy_normal
12,0,1036.7678197308053,15.130566666660258,64.3506999469711,1.5139913420216542,-0.1283267314542838,43,2.488503164257058,0.0,1.6593421690975587,0.32558139534883723,8,5,1,27,0.627906976744186,5,16.5208888231635,1,A0
15,0,394.00632875684084,150.1619436081347,2018.2778674171527,1.3321790402101223,-0.0812686492151409,2,0.30456363576346873,0.0,1.3321790402101223,0.5,0,0,1,0,0.0,1,0.0,0,easy_normal
20,1,753.6681490235071,10.500903932028729,40.72709894205231,1.5950242814546431,-0.11884168953224249,47,3.7416998497996015,0.0,1.7045658764094047,0.2978723404255319,8,5,1,25,0.5319148936170213,11,10.522638140362597,1,A0
13,0,772.9019325707727,86.2621520162145,7595.613834318806,0.8571740436420789,0.14843845168315667,7,0.5434065853646208,0.2,1.3605138827424867,0.14285714285714285,0,0,1,0,0.0,1,0.0,0,easy_normal
9,0,1031.9427896588973,266.29633997852153,65988.99241200906,1.0027182645175161,0.24500621085232313,3,0.17442827432274416,0.3333333333333333,1.464816384890813,0.3333333333333333,0,0,1,0,0.0,1,0.0,0,easy_normal
13,0,302.4442449961664,51.26318894493644,468.27443745716573,1.4941751382893085,-0.03382171228267684,3,0.5951510170156539,0.125,1.4941751382893083,0.3333333333333333,0,0,1,0,0.0,2,0.0,0,easy_normal
22,1,517.5626853545932,10.480290667485642,48.5380990213056,1.7148786006281012,-0.1009013810497074,20,2.318559729973297,0.0,1.8258249949522738,1.2,15,7,2,13,0.65,8,11.359845653932407,1,A0
5,1,1152.7985317767236,18.746021209970795,315.68118537472577,0.913424514317127,0.09031011920338293,48,2.4982682755166836,0.010869565217391304,1.7783701626583732,0.4791666666666667,13,8,2,30,0.625,7,20.260662822361144,1,A0
12,0,909.1563034152446,162.34037853937383,6912.03709394525,1.4978661367769952,0.01258030293374331,5,0.329976263567717,0.2,1.3592367006650063,0.2,0,0,1,0,0.0,1,0.0,0,easy_normal
17,0,638.735037283031,200.7370604420722,9997.432005601788,1.15374194270109,0.11696827205196095,3,0.28180699271745113,0.0,1.277034259466139,0.6666666666666666,0,0,2,0,0.0,1,0.0,0,easy_normal
15,0,1274.7212498314375,209.96123290854445,6925.964107988861,1.3667110520552042,-0.04664917757196529,5,0.23534557068039025,0.0,1.2882523050229004,0.4,0,0,2,0,0.0,2,0.0,0,easy_normal
20,1,332.1344464026707,9.228867236031698,64.0391680260163,1.414466277761265,0.02269503834802742,17,3.0710455089725324,0.0,1.7601282156493059,0.8823529411764706,10,5,0,8,0.47058823529411764,12,11.253644883569727,1,A0
12,0,764.9121975460507,102.42260460395228,2099.4397567527917,1.4680602034990462,-0.0013211692701818934,6,0.47064225299966744,0.2857142857142857,1.3760552852604169,0.16666666666666666,0,0,1,0,0.0,1,0.0,0,easy_normal
10,0,1388.5906733519073,157.45093081998237,12094.044293228306,1.412744636863848,-0.030969310324103962,7,0.3024649438168597,0.15384615384615385,1.1972375015579317,0.2857142857142857,0,0,2,0,0.0,0,0.0,0,easy_normal
10,0,1714.206968385588,199.3469465396446,3634.666287678291,1.7379834485870498,-0.14302694932481985,8,0.28001286242119067,0.07692307692307693,1.1786549963416462,0.125,0,0,1,0,0.0,2,0.0,0,easy_normal
11,0,1676.7777130637585,175.05393610872704,14491.509732660357,1.5740973368489726,0.0003853627484800614,8,0.28626334681116333,0.07142857142857142,1.2153881010836145,0.125,0,0,1,0,0.0,1,0.0,0,easy_normal
10,0,1727.830682361876,545.1248004197616,196538.47825797027,1.242453324894,0.1700820619424075,3,0.10417687441106623,0.0,1.242453324894,0.3333333333333333,0,0,1,0,0.0,1,0.0,0,easy_normal
9,0,969.7365732340027,102.3126348428711,7195.561473936488,1.4402347497045995,0.10366712220245605,8,0.4949797844575812,0.0625,1.2996509635498974,0.25,0,0,2,0,0.0,1,0.0,0,easy_normal
9,0,940.5059975478454,397.3586485244658,1096.6905358497054,1.242453324894,0.051109255763631845,2,0.12759089289475303,0.0,1.3296613488547582,0.5,0,0,1,0,0.0,2,0.0,0,easy_normal
12,0,729.8452260560416,348.75020163396283,4356.810923662195,0.8675632284814612,0.1516224847570541,2,0.16441842148979915,0.16666666666666666,1.5607104090414063,0.5,0,0,1,0,0.0,1,0.0,0,easy_normal
11,0,905.1529686919594,105.36429956749635,5071.427258129043,1.6924088629865501,0.021653959272868683,8,0.5302971062379105,0.07692307692307693,1.072016968563193,0.0,0,0,0,0,0.0,2,0.0,0,easy_normal
13,0,770.38100491849,139.4816285524808,16832.56226955102,1.0735428464085233,0.09806946668979637,5,0.3894177012214124,0.125,1.073542846408523,0.0,0,0,0,0,0.0,1,0.0,0,easy_normal
19,1,475.79411622769993,7.9902418468774306,42.289567003512865,1.459628765816547,0.049634379655821764,36,4.539778711694478,0.0136986301369863,1.8004956640429421,0.6388888888888888,13,9,1,16,0.4444444444444444,6,7.028631705821847,1,A0
8,0,785.0313592540288,144.10381970049943,9577.150569157538,1.4270610433807247,0.021824511615755594,4,0.3057202711342112,0.3333333333333333,1.2148896539491203,0.25,0,0,1,0,0.0,0,0.0,0,easy_normal
13,0,3381.383185269833,388.3081540436891,101357.42603287104,1.297295830625819,0.13356496895072206,8,0.14195374309868292,0.2,1.2868726303980165,0.125,0,0,1,0,0.0,1,0.0,0,easy_normal
11,0,792.1028623390507,92.84607283667343,5761.9285676311565,1.3316643102930148,0.0889142558895028,7,0.5302341652443413,0.14285714285714285,1.3690391777047681,0.14285714285714285,0,0,1,0,0.0,2,0.0,0,easy_normal
12,0,302.47203579529923,84.46051876170971,1927.6605567056506,1.4750763110546947,0.03469060917968647,3,0.595096335192509,0.2857142857142857,1.277034259466139,0.0,0,0,0,0,0.0,1,0.0,0,easy_normal
23,1,665.9774892223775,20.104015172682406,165.5862753607997,1.4747743787293928,-0.002231776734939185,26,2.342421516110882,0.037037037037037035,1.8456857177493118,0.5,8,3,2,18,0.6923076923076923,7,21.618804880526866,1,A0
13,0,1040.2974005731644,114.08439274776002,1950.7183842544684,1.844621476365503,-0.1774664734578363,7,0.403730702170933,0.07692307692307693,1.3038755293363848,0.2857142857142857,0,0,2,0,0.0,2,0.0,0,easy_normal
13,0,1788.0153603797676,203.66251690773157,8613.379055579875,1.798652206252129,-0.2662768400675507,7,0.2348973108993838,0.0,0.8599672810355049,0.14285714285714285,0,0,1,0,0.0,0,0.0,0,easy_normal
3,1,720.5614496282029,14.461049521290244,67.004064126578,1.5006101178073854,-0.0714760174248965,25,2.081710034271156,0.03076923076923077,1.824077470895387,0.6,9,6,0,9,0.36,9,12.748735010358766,1,A0
14,0,242.64731261739462,85.8115492429326,0.0,1.5498260458782016,-0.1648524146337128,1,0.24727246864096852,0.14285714285714285,1.5498260458782016,2.0,0,0,2,0,0.0,2,0.0,0,easy_normal
14,0,1585.916045728498,124.29418825118448,8988.16850419963,1.4897503188505912,-0.016094507533356894,8,0.3026641929078344,0.13333333333333333,1.3217558399823195,0.25,0,0,2,0,0.0,1,0.0,0,easy_normal
16,0,484.58136672703904,141.9634178093311,3053.1265072712595,1.0549201679861442,-0.1463588557759955,3,0.37145464592614563,0.0,0.9502705392332347,0.3333333333333333,0,0,1,0,0.0,0,0.0,0,easy_normal
1,1,414.7271958280238,13.10060900190887,69.88491442357012,1.5198460131087639,-0.057249629098252694,21,3.0381417294912296,0.0,1.7201118339326822,1.0476190476190477,14,7,1,12,0.5714285714285714,2,15.285902026036133,1,A0
0,1,1362.2355440977383,23.722887512777056,285.8246238916538,1.702312591498321,-0.05362820515549802,49,2.158217066599357,0.0,1.5409400179542896,0.2653061224489796,8,5,0,28,0.5714285714285714,3,24.596572009302225,1,A0
11,0,1320.4140003481498,163.61136079143398,21320.412397851127,1.172993472439513,0.17297972622084182,7,0.3180820559985427,0.0,1.2454410537617744,0.2857142857142857,0,0,2,0,0.0,2,0.0,0,easy_normal
10,0,1027.583901429243,181.66358998794348,9142.983789120099,1.7328679513998633,-0.10177890646763779,5,0.2919469637299074,0.0,1.073542846408523,0.2,0,0,1,0,0.0,1,0.0,0,easy_normal
11,0,370.2404873075579,65.38619640302063,0.0,1.0549201679861442,-0.018638075814429573,1,0.16205683078133523,0.4,1.3321790402101223,1.0,0,0,1,0,0.0,0,0.0,0,easy_normal
11,0,1553.5003123737843,206.04186952172753,22519.555434811253,1.252762968495368,0.1255649013524999,7,0.27035720344222547,0.14285714285714285,1.3690391777047681,0.14285714285714285,0,0,1,0,0.0,2,0.0,0,easy_normal
13,0,999.4467406089475,166.10975702699375,4318.071396124611,1.3579778549873245,0.014968521388438148,4,0.24013285575754814,0.3333333333333333,1.4451858789480823,0.5,0,0,2,0,0.0,1,0.0,0,easy_normal
14,0,1376.4905368996497,135.47131275156946,3188.2260600789223,1.840748728569281,-0.06501460455054617,7,0.3051237830853459,0.25,1.4013926466081226,0.2857142857142857,0,0,2,0,0.0,1,0.0,0,easy_normal
23,1,690.0133769546843,15.640588141842192,129.9204868913536,1.5448800804361982,-0.02503371458874085,34,2.9564644224773837,0.0,1.7168424270816391,0.4117647058823529,4,9,1,21,0.6176470588235294,8,16.560610101160464,1,A0
12,0,1375.0537213548455,175.73685284732002,10677.419351032548,1.3633631023481716,0.10247462729840659,7,0.30544261178841253,0.125,1.4553330351928315,0.2857142857142857,0,0,2,0,0.0,2,0.0,0,easy_normal
16,0,1173.9679932032968,290.99307467000426,37786.43401841353,1.3862943611198906,0.0754156650091301,3,0.1533261562854459,0.25,1.320888343149322,0.6666666666666666,0,0,2,0,0.0,0,0.0,0,easy_normal
15,0,211.39613311685875,51.53535215496825,468.4403075388168,1.6094379124341005,-0.256620750612439,3,0.8514819895049683,0.0,0.9502705392332347,0.3333333333333333,0,0,1,0,0.0,0,0.0,0,easy_normal
8,0,1452.9876742495082,170.73037237738598,26991.871748156045,1.377819508039033,0.07934209096675278,6,0.24776535023667415,0.0,1.2711814802605796,0.3333333333333333,0,0,2,0,0.0,2,0.0,0,easy_normal
10,0,341.7312468314414,95.28259168183341,1096.1610269101723,1.0735428464085233,0.035075563685683264,3,0.5267297084155281,0.25,1.4941751382893083,0.3333333333333333,0,0,1,0,0.0,1,0.0,0,easy_normal
23,1,636.1228545916866,13.565032166694355,124.52825499617086,1.3651062632344593,0.04643515639928362,32,3.0182848896891246,0.0,1.8190564547795107,0.6875,12,8,2,18,0.5625,7,14.56392470743689,1,A0
8,0,1210.1464972265785,119.15648165802986,7794.813025321267,1.3535913521346064,0.1251671942039434,7,0.34706541808166097,0.25,1.3686896376228384,0.14285714285714285,0,0,1,0,0.0,1,0.0,0,easy_normal
22,1,697.0179476299477,20.06622411533287,230.10008554383026,1.3673293619706217,0.07284569565547007,27,2.3241869244665,0.0,1.6956048405234625,0.6296296296296297,13,3,1,18,0.6666666666666666,4,20.239516651798148,1,A0
11,0,1839.396298679716,242.1777304733158,18620.746065663097,1.4680602034990462,0.05811718298923482,7,0.2283357862041302,0.07142857142857142,1.3316643102930148,0.14285714285714285,0,0,1,0,0.0,2,0.0,0,easy_normal
12,0,404.63465463346597,247.57036296162326,0.0,1.3321790402101223,0.032344406744679886,1,0.1482819113808983,0.2,1.6094379124341005,1.0,0,0,1,0,0.0,1,0.0,0,easy_normal
14,0,615.9808032975436,196.96162527101419,16251.48570773619,0.9502705392332347,0.0420894370415025,3,0.29221689870269013,0.0,0.9502705392332347,0.0,0,0,0,0,0.0,1,0.0,0,easy_normal
14,0,1224.5466043315987,212.04434447711475,14395.125014728605,1.234267866079077,0.09680697614970932,5,0.2449886341106231,0.25,1.4241299173467736,0.2,0,0,1,0,0.0,2,0.0,0,easy_normal
11,0,503.80435486080495,86.14349194607571,2518.4057319102662,1.4270610433807247,-0.049257676056963275,4,0.47637539787902206,0.0,1.2730283365896256,0.5,0,0,2,0,0.0,1,0.0,0,easy_normal
11,0,1415.8585318383923,112.15676358090825,4681.375672583919,1.7045514452672967,-0.156285647554803,7,0.2966398058531029,0.0,1.1187433359857524,0.14285714285714285,0,0,1,0,0.0,2,0.0,0,easy_normal
8,0,2178.3593420964908,274.5646294749742,21954.497351394315,1.6260206924207543,-0.013802701405337374,7,0.19280565510178166,0.15384615384615385,1.3038755293363848,0.14285714285714285,0,0,1,0,0.0,1,0.0,0,easy_normal
15,0,399.22242741165053,69.85322940629473,184.4662038028971,1.1682824501765625,-0.08468037012042363,4,0.601168630620365,0.4,1.1935496040981333,0.0,0,0,0,0,0.0,1,0.0,0,easy_normal
23,1,538.8474721964601,9.70496329620583,38.99255982358467,1.555469492618587,-0.05968229309308733,22,2.449672807444733,0.01694915254237288,1.8678394210175482,0.6363636363636364,5,8,1,12,0.5454545454545454,12,8.930749286601523,1,A0
12,0,1023.8457275637827,18.21739171313623,141.20919191568967,1.8088010545993385,-0.12571723058304676,40,2.3441031547894866,0.0273972602739726,1.7657928485972971,0.4,7,7,2,29,0.725,7,18.455317065914393,1,A0
13,0,469.3366518637206,114.60329634331401,2682.513428707649,1.3296613488547582,-0.10832116981900136,3,0.3835200155053432,0.0,1.2424533248940002,0.3333333333333333,0,0,1,0,0.0,1,0.0,0,easy_normal
4,1,502.4367166037551,15.498589020803623,127.32103506270069,1.3436192050192144,0.05294831996387306,12,1.433016290821408,0.0,1.7131800644825026,1.5833333333333333,10,9,0,8,0.6666666666666666,3,17.025505003910126,1,A0
1,1,1285.545563512137,21.311333427881284,118.26768117890944,1.8039766957150505,-0.11475605967773046,47,2.193621198688362,0.011363636363636364,1.7119496950566313,0.3404255319148936,13,2,1,27,0.574468085106383,11,22.210781762413777,1,A0
20,1,733.0400350237177,11.807951757809166,107.99216880853244,1.0734267200956795,0.0781313593345491,47,3.846993158987228,0.0,1.6609778160213355,0.3829787234042553,9,9,0,28,0.5957446808510638,8,10.709150151054583,1,A0
14,0,808.6959920088698,132.10355967804068,3930.9329475492113,1.3321790402101223,-0.0320811142287811,5,0.370967586045251,0.2,1.2206072645530175,0.0,0,0,0,0,0.0,1,0.0,0,easy_normal
11,0,1246.8907257345604,218.3098744787019,78326.23830422506,0.936888307539016,0.24909669876743223,5,0.24059846930312667,0.0,1.1490596969706202,0.2,0,0,1,0,0.0,2,0.0,0,easy_normal
0,1,745.4807674637642,14.479509687918782,125.49855889795754,1.391932998788279,0.01627363006855938,38,3.058429002477015,0.0,1.7305910302712122,0.4473684210526316,9,8,0,22,0.5789473684210527,11,13.292259489228229,1,A0
17,0,1140.8820417337852,208.03821208351155,19989.373701171495,1.4648163848908131,0.05138643819939869,5,0.262954441411045,0.0,1.1490596969706202,0.2,0,0,1,0,0.0,2,0.0,0,easy_normal
20,1,803.4994890871703,12.451012751240581,108.3882574861257,1.2002385197162957,0.01913013729145873,45,3.3603008298952153,0.0,1.7724464428902207,0.4444444444444444,10,8,2,24,0.5333333333333333,9,11.605875544922682,1,A0
12,0,1789.9519346347631,225.232491581372,18013.41183693366,1.7201934592198251,-0.11113235293888354,6,0.20112271901505413,0.18181818181818182,1.1685184057430877,0.16666666666666666,0,0,1,0,0.0,0,0.0,0,easy_normal
15,0,1193.303250032744,137.39541323859214,6099.813519784129,1.4241299173467736,-0.08702352549537791,8,0.4022447772490596,0.0,0.9830877585747855,0.125,0,0,1,0,0.0,1,0.0,0,easy_normal
13,0,612.7555905323295,241.63010079896213,36843.57773020641,0.9502705392332347,0.13612255855134398,2,0.19583664654246627,0.2,1.3321790402101223,0.0,0,0,0,0,0.0,1,0.0,0,easy_normal
8,0,312.32876495613783,158.58068981819815,0.0,1.3862943611198906,-0.16413315120486643,1,0.192105264490852,0.0,1.3862943611198906,1.0,0,0,1,0,0.0,1,0.0,0,easy_normal
22,1,538.7790555131991,12.95879608624418,88.29983674715622,1.739982752967486,-0.09294589675222088,28,3.1181612997182353,0.018518518518518517,1.7635770697947364,0.32142857142857145,5,3,1,18,0.6428571428571429,10,13.223342238321894,1,A0
11,0,1261.826596395877,153.37032671851418,4430.496438173275,1.4941751382893085,-0.22854512747070543,4,0.19020046073327815,0.125,1.2130075659799042,0.25,0,0,1,0,0.0,0,0.0,0,easy_normal
15,0,867.7663728926358,99.8903173608467,2172.416053016571,1.863679987341,-0.17269274566455486,7,0.48400123941189455,0.16666666666666666,1.1187433359857524,0.0,0,0,0,0,0.0,1,0.0,0,easy_normal
17,0,396.5758053634178,105.32671887363763,2783.202733336006,1.0888999753452235,0.13581391169562324,3,0.4538854805704799,0.3,1.5047882836811908,0.6666666666666666,0,0,2,0,0.0,1,0.0,0,easy_normal
11,0,466.3907672048967,173.4169458081601,21584.22601906031,0.410116318288409,0.21937870161491568,2,0.2572949733099693,0.0,1.351783994289646,1.0,0,0,2,0,0.0,2,0.0,0,easy_normal
5,1,619.0364036541196,22.787014683702758,133.51560397524753,1.7978171680039456,-0.112666270982187,19,1.8415718256158708,0.0,1.7014276147457517,0.5789473684210527,6,5,0,11,0.5789473684210527,4,20.53020206889973,1,A0
1,1,495.4114206119059,21.529306562037032,204.2413204874422,1.4598168280377732,0.0052137910248816,12,1.4533375090761818,0.023809523809523808,1.860419010781378,1.0,5,6,1,8,0.6666666666666666,12,19.556307205949082,1,A0
5,1,482.250005057586,12.240518851749943,60.6340606401096,1.5500488663120284,-0.022735398520456085,20,2.4883358992535554,0.018867924528301886,1.805175291383165,0.75,11,3,1,15,0.75,9,12.608310975687855,1,A0
2,1,391.135588744869,10.840845328427168,57.65467275233149,1.3023761885830916,0.00417948301000373,19,2.914590318048513,0.0,1.827482768587272,1.263157894736842,14,9,1,8,0.42105263157894735,9,7.490040627742216,1,A0
11,0,629.8365492840269,126.26103981825715,382.82513531312605,1.5607104090414063,-0.2562160216892994,3,0.2857884322601107,0.0,1.0114042647073518,0.6666666666666666,0,0,2,0,0.0,0,0.0,0,easy_normal
11,0,555.2678945223681,86.01307791694389,6743.186442010305,1.5607104090414063,-0.12896525237202042,4,0.43222380110134745,0.0,0.8675632284814612,0.25,0,0,1,0,0.0,0,0.0,0,easy_normal
11,0,373.25756531659545,146.63611002944214,2362.762736676729,1.3862943611198906,-0.1822140200359387,2,0.32149381861347276,0.0,1.0397207708399179,0.5,0,0,1,0,0.0,0,0.0,0,easy_normal
2,1,825.1551559208112,11.479853916822696,76.54279153410336,1.2933997848492256,-0.033526752135316674,50,3.635679882109232,0.010309278350515464,1.7315387166454776,0.36,11,6,1,27,0.54,7,11.900500878774558,1,A0
0,1,666.0104209193083,10.105162277398447,59.67614622037174,1.4083146625805856,0.00679532105125704,48,4.324256662567944,0.0,1.7580136772243573,0.4583333333333333,12,8,2,30,0.625,10,10.550199005755443,1,A0
12,0,415.60684085764825,65.10949600765102,1325.686935991127,1.464816384890813,-0.11487667617278453,5,0.7218360491394188,0.1111111111111111,1.1490596969706202,0.2,0,0,1,0,0.0,0,0.0,0,easy_normal
16,0,1322.5119695145536,147.33469574024403,28305.943087557083,1.020036958401841,0.22472008075853045,8,0.36294567539996686,0.0,1.1369165918330009,0.125,0,0,1,0,0.0,2,0.0,0,easy_normal
9,0,908.5869608622086,215.28316130025965,3329.600939812542,1.0888999753452238,0.0877205267980326,4,0.26414642773681307,0.2,1.4708084763221114,0.5,0,0,2,0,0.0,1,0.0,0,easy_normal
13,0,636.417728300848,190.81183890531614,1349.0437878824325,1.2130075659799042,0.05931591948999242,3,0.28283310158655767,0.25,1.4941751382893083,0.3333333333333333,0,0,1,0,0.0,1,0.0,0,easy_normal
12,0,843.2005236549801,15.285349750312431,122.0125239130029,1.3419544669564178,-0.05963810021316291,35,2.4905107872765933,0.01282051282051282,1.7950901324101443,0.6285714285714286,12,9,1,19,0.5428571428571428,4,17.793116648542654,1,A0
11,0,1036.6570599950885,156.88838647701462,9485.770249638304,1.3579778549873245,0.06858284114698555,6,0.3472700991412778,0.16666666666666666,1.198849312913621,0.0,0,0,0,0,0.0,1,0.0,0,easy_normal
12,0,1267.699804495207,199.05895917148123,10767.41035989544,1.4941751382893085,-0.21829664173781227,5,0.23664908595569184,0.0,0.9002560512685369,0.2,0,0,1,0,0.0,0,0.0,0,easy_normal
11,0,722.6694386396317,106.61849116917554,2181.1882776505918,1.8343719702816235,-0.1266384950297195,5,0.41512755896350945,0.1,1.3592367006650066,0.2,0,0,1,0,0.0,1,0.0,0,easy_normal
15,0,685.4858788690626,216.35961606114915,1638.6093993372272,1.0114042647073516,-0.0347968936726712,3,0.2625874661298202,0.16666666666666666,1.2424533248940002,0.0,0,0,0,0,0.0,1,0.0,0,easy_normal
15,0,1031.8089880874115,106.57169418878412,5297.3792674960005,1.376055285260417,-0.022288906665330867,8,0.46520238294273897,0.07142857142857142,1.1163670752893369,0.25,0,0,2,0,0.0,0,0.0,0,easy_normal
12,0,1101.8604468631124,152.82641056775793,21692.867901175436,0.8486855577264172,0.07368718494487904,7,0.38117349723887306,0.0,0.5297061990576545,0.0,0,0,0,0,0.0,0,0.0,0,easy_normal
13,0,578.5648966742694,251.8220913305328,1472.0325677165604,1.242453324894,0.08303097115570093,2,0.20740974900100045,0.16666666666666666,1.5607104090414063,0.5,0,0,1,0,0.0,1,0.0,0,easy_normal
13,0,556.6714955571861,163.099070615096,708.7280739378448,0.9002560512685369,0.03405526959676344,3,0.32335048845968595,0.25,1.4941751382893083,0.3333333333333333,0,0,1,0,0.0,1,0.0,0,easy_normal
20,1,292.4726191338285,17.788301595715854,50.45791038968915,1.9253545274016932,-0.1367645838701303,12,2.461768907230749,0.0,1.6718602580970874,0.6666666666666666,5,3,0,3,0.25,5,15.769467424252298,1,A0
11,0,1946.5618759547585,249.56802114427032,39636.75767231588,1.4184836619456564,-0.01924360591388856,7,0.21576503947196465,0.1,0.9404479886553264,0.14285714285714285,0,0,1,0,0.0,0,0.0,0,easy_normal
13,0,417.6854247123244,186.85164052048114,6524.593832513743,0.8675632284814612,0.15491506754474912,2,0.2872975519379171,0.16666666666666666,1.5607104090414063,0.5,0,0,1,0,0.0,1,0.0,0,easy_normal
19,1,253.05891441911714,6.628938354794987,23.42465512878338,1.7863497056351647,-0.05373914213331502,14,3.3193851397338596,0.018518518518518517,1.8776287668869902,1.5,13,7,1,8,0.5714285714285714,10,6.602794643515061,1,A0
8,0,1229.7645963431166,156.96817248879066,9185.1535175819,1.4180693652516905,0.017574218533789182,6,0.2927389526991688,0.07692307692307693,1.3778195080390327,0.16666666666666666,0,0,1,0,0.0,2,0.0,0,easy_normal
12,0,1075.8476059088457,168.38087853390783,17444.65233986629,1.1685184057430877,0.09201557282303117,5,0.278849902488344,0.2727272727272727,1.2406842919533958,0.4,0,0,2,0,0.0,0,0.0,0,easy_normal
1,1,457.4177867154964,9.125870409147577,12.108050390939033,1.666975274138236,-0.1796759117737536,30,3.9351333775736177,0.031746031746031744,1.7556739460996083,0.36666666666666664,3,8,0,10,0.3333333333333333,11,8.260719290865245,1,A0
14,0,757.7198591697047,12.159287934519801,95.81863266380996,1.424577785185669,-0.01491088071064462,38,3.0090276405034198,0.0,1.6663935065524975,0.5,14,5,0,21,0.5526315789473685,7,15.105951443075366,1,A0
15,0,1083.4633514536604,147.7167389851007,6606.299841775248,1.6762349391347309,0.012060571362978341,7,0.3876457837143219,0.16666666666666666,1.1187433359857524,0.0,0,0,0,0,0.0,1,0.0,0,easy_normal
13,0,1399.0263548636876,183.99063844639522,12829.294461345975,1.5247073930301438,0.04380624918928436,7,0.30020878344419905,0.07692307692307693,1.3038755293363848,0.14285714285714285,0,0,1,0,0.0,2,0.0,0,easy_normal
9,0,644.1369564398568,141.19642499236346,3887.778892422815,1.7917594692280547,-0.1977814442352698,4,0.37259157016308975,0.16666666666666666,0.8675632284814612,0.0,0,0,0,0,0.0,0,0.0,0,easy_normal
8,0,1017.711949765701,180.91607921253194,15953.321256483741,1.3030924037617193,0.03824736253216733,5,0.2947788910890418,0.1111111111111111,1.303092403761719,0.2,0,0,1,0,0.0,1,0.0,0,easy_normal
9,0,283.59449190073633,110.63576344003438,6790.586469808478,0.5004024235381879,0.0924843495753439,2,0.42313938890605246,0.2,1.3321790402101223,0.0,0,0,0,0,0.0,1,0.0,0,easy_normal
13,0,316.708654794371,91.84347505297535,4714.300382327278,0.9556998911125343,0.14471475886434285,3,0.5683456933529915,0.14285714285714285,1.277034259466139,0.0,0,0,0,0,0.0,2,0.0,0,easy_normal
10,0,966.9090104489371,210.7909658366449,32558.289289034405,1.0888999753452235,0.20927795919467987,4,0.2482136347954475,0.1,1.4708084763221114,0.5,0,0,2,0,0.0,2,0.0,0,easy_normal
9,0,1062.8108668262726,143.57509125058172,11766.585302605634,1.252762968495368,0.14815103171874933,7,0.39517849610833283,0.14285714285714285,1.3690391777047681,0.14285714285714285,0,0,1,0,0.0,2,0.0,0,easy_normal
10,0,455.85058041801636,127.90500780537161,5272.82033885225,1.4750763110546947,0.06180060891853969,3,0.3948662297082949,0.14285714285714285,1.4750763110546947,0.3333333333333333,0,0,1,0,0.0,1,0.0,0,easy_normal
10,0,1179.2446226329002,217.1634002886677,25221.09234450151,1.3862943611198906,-0.002582175167286773,3,0.15264008547956223,0.125,1.4941751382893083,0.3333333333333333,0,0,1,0,0.0,2,0.0,0,easy_normal
11,0,372.1601380753834,104.1999176405503,1728.0714110537506,1.5607104090414063,-0.06624070337447471,2,0.3224418408177107,0.16666666666666666,1.5607104090414063,0.5,0,0,1,0,0.0,1,0.0,0,easy_normal
11,0,344.5938227304342,9.57983407530147,65.57713122779306,1.462086044134322,-0.0003767452558283391,17,2.960006630176643,0.0,1.7687434940567885,1.0,13,3,1,6,0.35294117647058826,7,7.186900472216269,1,A0
23,1,528.2896941501654,16.218781631764067,114.14609622982366,1.709117389736133,-0.07436232255823111,20,2.2714809947795467,0.0,1.7977614701447524,0.8,10,5,1,10,0.5,4,19.14356032407633,1,A0
10,0,264.1087607107387,91.95563268849664,370.72113885106916,1.5498260458782016,-0.0114997267631638,2,0.4543582714828164,0.2857142857142857,1.351783994289646,0.0,0,0,0,0,0.0,2,0.0,0,easy_normal
10,0,805.6973348334922,120.44197143856734,4289.8455629931195,1.594166699118017,-0.010666603696230173,6,0.4468179109397187,0.0,1.1685184057430877,0.3333333333333333,0,0,2,0,0.0,1,0.0,0,easy_normal
16,0,879.347915633791,105.11545912327377,4082.9350278918964,1.3296613488547582,0.1087344003792687,7,0.47762665099090446,0.2777777777777778,1.4264444338582805,0.14285714285714285,0,0,1,0,0.0,2,0.0,0,easy_normal
11,0,350.01615069649796,105.88375151490123,2583.1865616772875,1.15374194270109,0.030161988636592568,2,0.34284132249672394,0.5714285714285714,0.9556998911125343,0.0,0,0,0,0,0.0,0,0.0,0,easy_normal
14,0,171.749435790523,53.72228443211175,5.691894046190894,1.277034259466139,-0.06739079167459186,2,0.6986922515795625,0.2857142857142857,1.351783994289646,0.0,0,0,0,0,0.0,2,0.0,0,easy_normal
13,0,1228.4535423181912,143.74448298209634,3113.34340913813,1.7045514452672972,-0.092941673992298,6,0.29305137524423663,0.16666666666666666,1.3579778549873243,0.16666666666666666,0,0,1,0,0.0,1,0.0,0,easy_normal
10,0,962.7692246360721,141.62071056018843,6490.359041472289,1.6769877743224175,-0.1269263657577529,6,0.373921383014793,0.0,0.8486855577264172,0.0,0,0,0,0,0.0,1,0.0,0,easy_normal
11,0,460.976002617288,178.01652538670686,18243.337549358374,0.7356219397587946,0.2605985723032306,2,0.26031723846507154,0.25,1.559581156259877,0.5,0,0,1,0,0.0,2,0.0,0,easy_normal
10,0,472.55576031130363,85.99283803340313,2232.0426935801484,1.559581156259877,-0.06742697802745176,5,0.6348457159899399,0.125,1.073542846408523,0.2,0,0,1,0,0.0,0,0.0,0,easy_normal
10,0,745.0418035550595,99.22213962514154,5712.751653579386,1.412744636863848,0.027737845062421034,5,0.4026619695277671,0.23076923076923078,1.4791328074296435,0.4,0,0,2,0,0.0,1,0.0,0,easy_normal
8,0,1529.3300608783275,178.96141458172258,2936.848736279835,1.5691529462031188,-0.09204641413943598,8,0.3138629209474413,0.21428571428571427,1.1163670752893367,0.0,0,0,0,0,0.0,1,0.0,0,easy_normal
10,0,285.18259526275773,243.7908020504753,0.0,0.410116318288409,0.3423824737627033,1,0.21039152106992365,0.2857142857142857,1.5498260458782016,1.0,0,0,1,0,0.0,2,0.0,0,easy_normal
12,0,3130.6775519105136,371.8746553488696,112973.21454630549,1.006214565944081,0.19088608925997463,7,0.13415626267345632,0.29411764705882354,1.3647193751408029,0.14285714285714285,0,0,1,0,0.0,1,0.0,0,easy_normal
14,0,283.53059470771507,61.33056890798972,395.49156824109406,1.2130075659799042,-0.01625179913991645,3,0.6348521230506278,0.25,1.4941751382893083,0.3333333333333333,0,0,1,0,0.0,1,0.0,0,easy_normal
13,0,2708.250750004464,365.35869158070193,61255.15430818355,1.2636256721237276,0.0897604517548661,7,0.15508165187411385,0.07692307692307693,1.2636256721237273,0.14285714285714285,0,0,1,0,0.0,1,0.0,0,easy_normal
13,0,198.36101876406917,39.365887873623564,0.0,0.9556998911125343,0.006650929900736576,1,0.3024787852665955,0.2857142857142857,1.5498260458782016,2.0,0,0,2,0,0.0,1,0.0,0,easy_normal
15,0,1084.2400546130643,12.99016542946435,77.84305574531001,1.6258840577009552,-0.06897880482571521,50,2.766914934784085,0.010101010101010102,1.6575060946393747,0.26,8,3,2,27,0.54,6,15.036532155737609,1,A0
13,0,496.96128074616894,16.556476583728315,256.23209580905603,1.122247617229706,0.14966133655587424,22,2.6561425429725007,0.0,1.7792066568326805,0.7272727272727273,12,3,1,13,0.5909090909090909,9,17.601174192989664,1,A0
10,0,1195.0981195126838,18.955270433966504,235.3236079044023,1.4898108971261477,-0.013396769303652788,42,2.108613476044596,0.0125,1.657509139171745,0.5,15,5,1,32,0.7619047619047619,4,17.548700310352782,1,A0
9,0,527.8815776922341,141.7820588856183,1088.080349681164,1.3296613488547582,-0.2720024083157094,2,0.22732371249743152,0.16666666666666666,1.3296613488547582,1.0,0,0,2,0,0.0,0,0.0,0,easy_normal
11,0,941.9944125001149,99.70711278709864,2337.9087715119376,1.8200759753606213,-0.15119634797847958,7,0.4458625172577112,0.08333333333333333,1.2342678660790767,0.14285714285714285,0,0,1,0,0.0,1,0.0,0,easy_normal
12,0,378.35461539206335,75.25258348166571,3996.5598996253357,0.7963116401738131,-0.0017406721625386477,4,0.6343255513119728,0.14285714285714285,1.1537419427010902,0.25,0,0,1,0,0.0,0,0.0,0,easy_normal
13,0,404.60643110934734,177.41714790008155,26.258983857966236,0.6730116670092565,-0.012399688398373401,2,0.2965845097196917,0.2,1.3321790402101223,0.0,0,0,0,0,0.0,1,0.0,0,easy_normal
15,0,1280.240064034303,133.26769084772826,6562.052895977946,1.6886993130287196,0.0007214801677771111,8,0.37492968192810655,0.1875,1.3208883431493221,0.125,0,0,1,0,0.0,1,0.0,0,easy_normal
10,0,1366.6648555755032,155.68757383284117,8983.955221051843,1.5226999259857525,0.03767300678419218,8,0.3512199776278521,0.13333333333333333,1.1369165918330009,0.0,0,0,0,0,0.0,1,0.0,0,easy_normal
14,0,1193.5459974709815,185.45958195651693,29045.098836267363,1.072016968563193,0.2241617714720467,6,0.3016222255051822,0.23076923076923078,1.377819508039033,0.16666666666666666,0,0,1,0,0.0,2,0.0,0,easy_normal
23,1,1201.6333319398695,19.693251927312737,201.56161070677763,1.5355493952082695,-0.029875047429808076,47,2.346805739357698,0.0,1.7130514617811736,0.425531914893617,12,7,1,22,0.46808510638297873,6,21.704202914421867,1,A0
1,1,567.3979476583875,17.412189027217444,144.48113851222317,1.5106398855380259,0.043153233633433374,26,2.7493930960413473,0.0,1.659098421850325,0.7307692307692307,15,3,1,18,0.6923076923076923,3,17.412607993149006,1,A0
13,0,891.5356799404844,257.61948857361295,12063.571837112826,1.277034259466139,0.035524695667810705,3,0.20189881801703788,0.14285714285714285,1.277034259466139,0.0,0,0,0,0,0.0,2,0.0,0,easy_normal
13,0,233.81709403434579,63.41409213924044,12.20527303163549,1.5498260458782016,-0.18198031400053238,2,0.5132216722459693,0.2857142857142857,1.351783994289646,1.0,0,0,2,0,0.0,0,0.0,0,easy_normal
8,0,1042.3921048493314,139.63767698172217,9398.55264886486,1.3579778549873245,0.05538882304599602,7,0.4029193986083647,0.08333333333333333,1.2342678660790767,0.14285714285714285,0,0,1,0,0.0,1,0.0,0,easy_normal
9,0,360.01095526038085,118.99142426425283,893.3927023777162,1.4750763110546947,-0.0232924649213601,2,0.3333231898823996,0.2857142857142857,1.351783994289646,1.0,0,0,2,0,0.0,0,0.0,0,easy_normal
11,0,741.8270301612633,132.93446116504305,5847.98086702678,1.4648163848908131,-0.004535092354034653,5,0.40440694097488467,0.0,0.9950269901795212,0.0,0,0,0,0,0.0,2,0.0,0,easy_normal
14,0,598.4887390595942,266.3254763181095,501.8866397231079,0.8675632284814612,0.08817102406088737,2,0.2005050256894659,0.16666666666666666,1.5607104090414063,0.5,0,0,1,0,0.0,1,0.0,0,easy_normal
14,0,708.8069301278201,154.04922417922896,4191.852615274666,1.5498260458782016,-0.12014019926399429,4,0.33859714091215287,0.0,1.1537419427010902,0.25,0,0,1,0,0.0,1,0.0,0,easy_normal
10,0,209.04176458820416,65.05445209938895,1957.1127235586432,0.9502705392332347,-0.10135080673910134,2,0.5740479670959081,0.0,1.3321790402101223,0.5,0,0,1,0,0.0,1,0.0,0,easy_normal
14,0,785.56976488658,116.25936096170147,735.5819500526096,1.3086053872534493,-0.08292640470121419,4,0.3055107397554322,0.3333333333333333,1.3296613488547582,0.0,0,0,0,0,0.0,2,0.0,0,easy_normal
10,0,94.34218272078185,52.70526616223283,0.0,0.9502705392332347,0.04287843297824598,1,0.6359827414379199,0.4,1.3321790402101223,0.0,0,0,0,0,0.0,1,0.0,0,easy_normal
17,0,531.3954280424412,90.83745138449864,166.83925488390716,1.559581156259877,-0.30460036633849846,5,0.5645513381722956,0.0,1.073542846408523,0.2,0,0,1,0,0.0,1,0.0,0,easy_normal
8,0,518.144594820893,107.5819617327356,4771.109350544733,1.3030924037617193,0.05947472264250096,4,0.4631911678688085,0.3333333333333333,1.2148896539491203,0.0,0,0,0,0,0.0,1,0.0,0,easy_normal
10,0,1362.0262263185841,196.95556840041928,828.5290689860627,1.791759469228055,-0.16544838914512044,5,0.22026007590974878,0.25,1.308605387253449,0.4,0,0,2,0,0.0,0,0.0,0,easy_normal
13,0,679.8441617680422,199.8387003388901,32109.636402084205,0.7356219397587946,0.24961815466532836,3,0.26476655993026627,0.25,1.4941751382893083,0.3333333333333333,0,0,1,0,0.0,1,0.0,0,easy_normal
8,0,951.9804372245142,177.68442316288824,6598.170946420551,1.4270610433807247,-0.023022797164156672,5,0.31513252612064785,0.1111111111111111,1.303092403761719,0.2,0,0,1,0,0.0,1,0.0,0,easy_normal
13,0,331.59779397941486,12.25684043574397,45.46546204522064,1.6183605440602435,-0.060437116725770755,13,2.352247253033358,0.0,1.8223557264193586,1.0,5,6,2,9,0.6923076923076923,12,12.310597999369985,1,A0
13,0,1010.0374804667151,139.2721436530762,22493.637768796787,1.3592367006650063,0.12052008526797513,6,0.3564224169519455,0.0,1.0888999753452238,0.16666666666666666,0,0,1,0,0.0,1,0.0,0,easy_normal
13,0,1183.5622123772137,164.53641369762272,12196.666367989832,1.4708084763221112,-0.008746641266310348,7,0.3548609406483329,0.0,0.8018185525433373,0.0,0,0,0,0,0.0,2,0.0,0,easy_normal
11,0,282.33633744474514,229.51236317085815,0.0,1.0397207708399179,0.1398503682249445,1,0.21251249677255005,0.25,1.3862943611198906,0.0,0,0,0,0,0.0,1,0.0,0,easy_normal
8,0,1478.7234417746022,170.6169974586043,11605.23743966608,1.5867847075280475,0.03459542563596986,7,0.28402876977182556,0.2,1.3953970923267898,0.2857142857142857,0,0,2,0,0.0,2,0.0,0,easy_normal
11,0,306.47568897771225,111.13550652315361,4269.421073849319,1.2554823251787537,0.17097677585774734,2,0.3915481857640158,0.375,1.3208883431493221,0.0,0,0,0,0,0.0,2,0.0,0,easy_normal
21,1,891.6002566352978,16.40742462843276,137.21526814049417,1.4622969018469933,-0.07948521307359196,42,2.8263787288598623,0.014285714285714285,1.6452508345996444,0.2619047619047619,7,4,0,17,0.40476190476190477,5,19.80400391455017,1,A0
15,0,484.79735758381895,63.544214661963046,1485.6488114521765,1.6417347121875212,-0.09501832050920872,6,0.742578304869902,0.18181818181818182,1.1685184057430877,0.3333333333333333,0,0,2,0,0.0,0,0.0,0,easy_normal
12,0,319.8059737904234,31.499805175149227,243.2813263759745,1.3862943611198906,0.027389022942929258,2,0.37522751241238195,0.25,1.559581156259877,1.0,0,0,2,0,0.0,1,0.0,0,easy_normal
13,0,639.0683212126632,128.51888878024712,13258.838236310026,1.2130075659799042,0.09202443027753707,4,0.37554670139898083,0.125,1.2130075659799042,0.0,0,0,0,0,0.0,1,0.0,0,easy_normal
13,0,678.4660956978155,214.65395087548123,311.4207194190628,0.9556998911125343,0.028821103879476805,3,0.2653043403957666,0.14285714285714285,1.277034259466139,0.0,0,0,0,0,0.0,2,0.0,0,easy_normal
8,0,1116.5832349915427,130.04454842532581,8924.630847728184,1.2868726303980162,0.06599029115207639,7,0.3761475068208249,0.13333333333333333,1.3953970923267898,0.2857142857142857,0,0,2,0,0.0,1,0.0,0,easy_normal
14,0,234.99953045512507,66.39777247587436,682.5171694140498,1.15374194270109,-0.0037157305494028786,3,0.7659589772430305,0.2857142857142857,1.277034259466139,0.3333333333333333,0,0,1,0,0.0,0,0.0,0,easy_normal
12,0,400.7516170315857,183.0850739085333,8647.983297766556,0.7963116401738131,0.24218006040792672,2,0.29943734447999015,0.2857142857142857,1.5498260458782016,0.5,0,0,1,0,0.0,1,0.0,0,easy_normal
13,0,974.7699599725181,141.3979895871232,10674.396481967986,1.2153881010836147,0.14362461158755188,6,0.3693179055396307,0.14285714285714285,1.4750763110546947,0.3333333333333333,0,0,2,0,0.0,2,0.0,0,easy_normal
17,0,1293.2971338657649,132.19912745738264,7209.806016575571,1.4500064999181648,-0.0017617739954904044,8,0.3711444086829784,0.1875,1.3208883431493221,0.125,0,0,1,0,0.0,1,0.0,0,easy_normal
15,0,480.73011869789593,105.69182819134431,7657.866402485561,0.8675632284814612,0.10703377200757234,2,0.2496203073879199,0.16666666666666666,1.5607104090414063,0.5,0,0,1,0,0.0,1,0.0,0,easy_normal
8,0,1320.237549701147,138.98368067494303,18908.94455166286,1.0625354080615974,0.13351193413612586,8,0.3635709347220539,0.13333333333333333,1.2868726303980165,0.125,0,0,1,0,0.0,1,0.0,0,easy_normal
3,1,645.8327226938237,14.668794246760243,64.05130922682359,1.8447939074842203,-0.14259522592102267,27,2.5083894684723327,0.0,1.770975833263637,0.4444444444444444,6,5,1,17,0.6296296296296297,10,15.127093207552749,1,A0
11,0,329.93842728032587,92.63267673362299,0.0,1.2148896539491205,0.14346298205837543,1,0.18185211251256328,0.4444444444444444,1.4270610433807247,1.0,0,0,1,0,0.0,2,0.0,0,easy_normal
13,0,394.7258375549121,100.06085939246123,861.8742886632558,1.2730283365896256,0.01853347519618879,3,0.4560127128109757,0.2222222222222222,1.5229550675313184,0.6666666666666666,0,0,2,0,0.0,1,0.0,0,easy_normal
13,0,624.9056364810596,83.43344526589814,6951.603094365659,1.0317671113505356,0.16577525953662206,6,0.576086978551219,0.15384615384615385,1.4180693652516903,0.3333333333333333,0,0,2,0,0.0,1,0.0,0,easy_normal
13,0,684.1158181095956,98.51448545427716,3403.242330968702,1.6094379124341,-0.06840096782203273,6,0.526226686286514,0.1,1.2275294114572126,0.16666666666666666,0,0,1,0,0.0,1,0.0,0,easy_normal
0,1,532.1594266565796,18.128365735620136,154.270066917882,1.5018205284189128,-0.003172461849342466,18,2.0294670091355167,0.044444444444444446,1.7803984183434172,0.5,7,2,0,5,0.2777777777777778,7,9.24573857226098,1,A0
17,0,665.8840718606847,24.585116379709106,404.28263540026666,0.990617749192241,0.091852002931983,18,1.6219039403993372,0.0,1.8163180770968645,0.8888888888888888,11,3,2,10,0.5555555555555556,12,29.903225596004688,1,A0
1,1,309.63196386453075,13.032858298543058,65.36470542377091,1.5141461564336556,-0.02104582479072463,13,2.5191197648485133,0.044444444444444446,1.9207740080272715,0.9230769230769231,5,6,1,8,0.6153846153846154,11,11.145580907360358,1,A0
13,0,155.83874669841822,39.05510641305894,0.0,1.5498260458782016,-0.30542118941144275,1,0.3850133633076055,0.14285714285714285,1.5498260458782016,2.0,0,0,2,0,0.0,2,0.0,0,easy_normal
12,0,802.8247558476153,95.77054606835972,5018.823844940847,1.583258459420477,-0.015309276539892135,7,0.523152776419516,0.08333333333333333,1.1187433359857524,0.2857142857142857,0,0,2,0,0.0,0,0.0,0,easy_normal
13,0,303.5193723243713,69.90867098289309,467.3643606566472,1.7917594692280547,-0.30442761169516314,2,0.3953619140716854,0.3333333333333333,1.3296613488547582,0.5,0,0,1,0,0.0,0,0.0,0,easy_normal
4,1,477.65809671434596,12.312055629621439,94.80517905898138,1.3006998783810109,-0.002170028196608715,25,3.140321519341994,0.0,1.810324308387833,0.68,7,9,1,15,0.6,11,10.801659359482445,1,A0
12,0,631.8169803883961,85.15121849047273,4497.083956080736,1.0735428464085233,-0.15487088929549242,5,0.47482104677778897,0.125,1.073542846408523,0.2,0,0,1,0,0.0,0,0.0,0,easy_normal
13,0,1180.825462404979,177.55501117363406,9495.26437891784,1.8343719702816235,-0.09104424337536433,5,0.25405956218880316,0.1,1.3592367006650066,0.2,0,0,1,0,0.0,1,0.0,0,easy_normal
12,0,1392.6554537365723,159.48077313985968,11610.628609476502,1.4985690796770057,0.009917185727655235,8,0.344665292992702,0.07692307692307693,1.1786549963416462,0.125,0,0,1,0,0.0,1,0.0,0,easy_normal
8,0,889.7623871107911,125.33215849063225,2469.465708127384,1.8343719702816235,-0.1515211092678288,6,0.4046024030853685,0.1,1.0888999753452238,0.0,0,0,0,0,0.0,1,0.0,0,easy_normal
11,0,337.2489100259096,119.52502732251916,4613.394217268209,1.3862943611198906,-0.1253436308328859,2,0.3558202752702176,0.0,1.0397207708399179,0.0,0,0,0,0,0.0,1,0.0,0,easy_normal
12,0,307.7354727302442,197.68514875225003,0.0,1.0986122886681096,-0.12891378015104635,1,0.19497264799432137,0.0,1.0986122886681096,0.0,0,0,0,0,0.0,1,0.0,0,easy_normal
12,0,1553.8882570613137,212.69753236078208,26378.594846188713,1.3517839942896461,0.16055988047734046,7,0.2702897058983486,0.21428571428571427,1.1952684170869834,0.14285714285714285,0,0,1,0,0.0,0,0.0,0,easy_normal
8,0,511.957759743786,129.97384050170706,0.0,1.3296613488547582,-0.08272793873114305,1,0.11719716882507564,0.16666666666666666,1.5607104090414063,2.0,0,0,2,0,0.0,1,0.0,0,easy_normal
16,0,286.78264549129165,119.32351550254515,0.0,1.0397207708399179,-0.051270167303681655,1,0.20921768085796513,0.5,1.0397207708399179,0.0,0,0,0,0,0.0,0,0.0,0,easy_normal
13,0,697.5900373704815,148.90201944018816,2732.597070786615,1.0888999753452235,0.02210721336515214,4,0.34404161060651584,0.2,1.4708084763221114,0.5,0,0,2,0,0.0,1,0.0,0,easy_normal
16,0,1414.9376124505181,182.1344359233059,7227.403914013209,1.6216679171123507,0.01970387342630309,6,0.2544281789050184,0.26666666666666666,1.4368286689630319,0.3333333333333333,0,0,2,0,0.0,1,0.0,0,easy_normal
8,0,969.1686971446425,114.36026710340018,3345.0206964000927,1.7326587201992076,-0.047024487564623095,8,0.49526981361879757,0.07692307692307693,1.0317671113505356,0.0,0,0,0,0,0.0,1,0.0,0,easy_normal
8,0,421.8275784881605,52.18646946511773,1270.9066225342833,1.2130075659799042,0.0893839569075443,3,0.42671463218484684,0.25,1.4941751382893083,0.3333333333333333,0,0,1,0,0.0,1,0.0,0,easy_normal
10,0,658.0917367212621,144.86001640838776,3484.2171735711927,1.0888999753452235,0.06433759924974083,4,0.3646907970547169,0.3,1.4184836619456567,0.25,0,0,1,0,0.0,1,0.0,0,easy_normal
12,0,645.4638976336252,139.26422303918733,28.156607626893642,0.9743147528693494,-0.15584489225357645,4,0.3718255984259983,0.25,1.2130075659799042,0.0,0,0,0,0,0.0,1,0.0,0,easy_normal
9,0,177.0191401623583,126.28497420958304,0.0,1.0397207708399179,0.041591572343217885,1,0.3389463983666921,0.25,1.3862943611198906,0.0,0,0,0,0,0.0,1,0.0,0,easy_normal
13,0,692.5603668545425,109.31140652638697,5077.562962095338,1.294545165844896,0.07519437927802682,6,0.5198102825823562,0.18181818181818182,1.294545165844896,0.16666666666666666,0,0,1,0,0.0,1,0.0,0,easy_normal
13,0,111.69221607113973,33.1015103310056,91.60081891511086,1.15374194270109,-0.10130396560374032,2,1.0743810466037207,0.42857142857142855,1.277034259466139,0.0,0,0,0,0,0.0,1,0.0,0,easy_normal
12,0,998.8308860552565,90.02289165615402,2232.4194543374797,1.5247073930301438,-0.05522053570897728,7,0.4204916025962428,0.15384615384615385,1.1972375015579317,0.2857142857142857,0,0,2,0,0.0,0,0.0,0,easy_normal
13,0,511.6022505678617,121.23447499127604,5495.298495977252,1.15374194270109,0.03862790407929295,4,0.4691144335929091,0.0,1.1537419427010902,0.25,0,0,1,0,0.0,1,0.0,0,easy_normal
15,0,107.0697093892894,50.887427543017736,0.0,1.5498260458782016,0.013958589318737035,1,0.5603825801174915,0.2857142857142857,1.5498260458782016,2.0,0,0,2,0,0.0,1,0.0,0,easy_normal
23,1,265.82148039032074,10.782606438287559,40.75507801990419,1.5783689168401955,0.008393478788686366,18,4.062877079813771,0.022727272727272728,1.8568803104637042,1.0,8,9,1,9,0.5,3,11.810707370035901,1,A0
13,0,408.2436840328879,124.25318473925178,6785.199318526885,1.15374194270109,0.14848884639783533,3,0.4409131287025601,0.2857142857142857,1.277034259466139,0.3333333333333333,0,0,1,0,0.0,0,0.0,0,easy_normal
13,0,402.93152729024484,57.7442063162038,843.3392569565497,1.6094379124341003,-0.12911851048987322,5,0.744543376929401,0.2,1.2206072645530175,0.2,0,0,1,0,0.0,0,0.0,0,easy_normal
11,0,270.9318146870738,82.75311320284882,72.22248948475827,1.3321790402101223,-0.1974703018697477,3,0.6643738027145316,0.0,0.9502705392332347,0.0,0,0,0,0,0.0,1,0.0,0,easy_normal
14,0,1452.4281628844315,277.0197319992464,12128.537728746376,1.3592367006650063,0.026613337182801684,5,0.2065506629974861,0.2,1.3592367006650063,0.2,0,0,1,0,0.0,1,0.0,0,easy_normal
12,0,120.62331764992439,84.67427504724367,0.0,0.9502705392332347,0.12121425841250953,1,0.49741626386146415,0.2,1.6094379124341005,1.0,0,0,1,0,0.0,1,0.0,0,easy_normal
12,0,1009.5559629880102,133.7663226626092,5319.660005683829,1.8343719702816235,-0.09929264829538069,6,0.35659241607022785,0.0,0.9502705392332347,0.0,0,0,0,0,0.0,2,0.0,0,easy_normal
14,0,1488.461342539959,271.7613717811515,3190.1703821947435,1.540305825226517,-0.015839888445090225,5,0.2015504141263556,0.18181818181818182,1.4142790651247086,0.2,0,0,1,0,0.0,1,0.0,0,easy_normal
13,0,1174.170784823289,362.83730476452223,67678.40718469495,0.7963116401738131,0.17848456299721308,3,0.15329967524876692,0.14285714285714285,1.4750763110546947,0.3333333333333333,0,0,1,0,0.0,1,0.0,0,easy_normal
22,1,565.8383238390604,15.949952436026136,95.49823099673392,1.7119291545967537,-0.11888145208587797,24,2.54489655318853,0.02,1.831595463557016,0.4166666666666667,6,2,2,14,0.5833333333333334,6,14.92426086067311,1,A0
11,0,741.43933392642,100.97443900079607,1531.320484460941,1.6434177197931796,-0.16872882869529332,6,0.48554208487100065,0.3,0.8979457248567797,0.0,0,0,0,0,0.0,0,0.0,0,easy_normal
12,0,144.39893217831468,43.14983596125562,1200.3164149829583,1.3296613488547582,0.025694521598002507,2,0.8310310761288383,0.16666666666666666,1.5607104090414063,0.5,0,0,1,0,0.0,1,0.0,0,easy_normal
11,0,1028.861928000083,179.1694074770513,4634.607887604059,1.4708084763221112,-0.054533075787697144,5,0.2915843145086965,0.1,1.2206072645530175,0.4,0,0,2,0,0.0,0,0.0,0,easy_normal
10,0,513.1483052413862,149.33849852010107,2980.3851765261334,0.9556998911125343,0.012175774290670184,3,0.35077578579418195,0.0,1.277034259466139,0.3333333333333333,0,0,1,0,0.0,2,0.0,0,easy_normal
19,1,259.17913664388044,7.836120564462821,15.779030121041533,1.932808583147663,-0.20477046720786107,15,3.4725017285501103,0.022727272727272728,1.8219317140866997,0.9333333333333333,10,4,0,9,0.6,7,8.079610019241732,1,A0
0,1,264.7884467055272,7.588113593147741,24.595497972627136,1.4950128320816514,-0.02657608942726156,13,2.9457478591104946,0.02631578947368421,1.9063623275263315,0.8461538461538461,5,5,1,7,0.5384615384615384,9,5.13958148130669,1,A0
13,0,708.434280805498,11.287710719935413,71.7462070407615,1.2909498054594057,0.0026175100425092513,46,3.895915365447657,0.010869565217391304,1.7254624569657604,0.43478260869565216,11,7,2,30,0.6521739130434783,4,11.41581652574143,1,A0
13,0,902.6515567069857,89.83854808799775,847.1440209590895,1.9792045174343245,-0.25362771316682037,6,0.39882499213022615,0.16666666666666666,1.2424533248940002,0.3333333333333333,0,0,2,0,0.0,0,0.0,0,easy_normal
16,0,1090.0248146591882,146.81818958989194,21603.216775851008,0.953271014705891,0.21869542081713222,6,0.33026771056818477,0.2,1.494365083453388,0.3333333333333333,0,0,2,0,0.0,2,0.0,0,easy_normal
2,1,476.7624207210423,13.435843913518694,53.537166528622684,1.7663631332823462,-0.045331577417068246,19,2.3911280555122096,0.0,1.8321241471381198,1.0,13,4,2,10,0.5263157894736842,11,13.008146817368708,1,A0
2,1,817.1723842645622,15.213986870140406,116.6528624759042,1.5757168827766175,0.009007403645212094,40,2.9369568113341824,0.0,1.7186473617169749,0.325,6,6,1,18,0.45,11,13.44155607508647,1,A0
16,0,458.223238232011,131.1002830493829,12153.956961416423,0.6837389058487535,0.25454236316540085,3,0.39282163142686594,0.3333333333333333,1.310783678099714,0.0,0,0,0,0,0.0,2,0.0,0,easy_normal
21,1,537.6965775502645,8.803478086698295,32.66745025875173,1.6814533642931864,-0.11716836034091756,41,4.575070965130025,0.025974025974025976,1.6193564463669312,0.1951219512195122,4,3,1,23,0.5609756097560976,3,8.756830301772125,1,A0
11,0,1959.0946176245955,232.85782951989668,23271.22978438959,1.236684869140504,-0.05223087835924906,7,0.21438474498452273,0.16666666666666666,1.1187433359857524,0.2857142857142857,0,0,2,0,0.0,0,0.0,0,easy_normal
8,0,342.330945812341,117.88474719248154,5461.423052269935,1.3321790402101223,-0.012177647382946577,2,0.3505379851513092,0.2,1.3321790402101223,0.0,0,0,0,0,0.0,1,0.0,0,easy_normal
15,0,1449.1578258761926,23.441175974891962,232.19753666106052,1.5871510040416905,-0.06345394799200002,37,1.5319242392785888,0.0,1.781347811207347,0.4864864864864865,11,5,2,20,0.5405405405405406,11,25.801675619447337,1,A0
8,0,703.5260526819108,11.219312395287513,43.865232813978444,1.7212461345865138,-0.1062369031589225,47,4.008380342490348,0.011627906976744186,1.5880233133767718,0.1702127659574468,4,4,0,24,0.5106382978723404,6,11.072009914944871,1,A0
11,0,969.5641671190855,230.07256281595215,2535.80229697674,1.6094379124341,0.014894402858200088,2,0.12376695021285906,0.3,1.5571130980576455,1.0,0,0,2,0,0.0,2,0.0,0,easy_normal
13,0,887.9587934454083,247.84168512031567,22593.233333657307,0.8675632284814612,-0.0053873130532737035,3,0.2027121093103589,0.0,1.0114042647073518,0.6666666666666666,0,0,2,0,0.0,0,0.0,0,easy_normal
10,0,1644.8069575891043,211.46821631864825,10550.60982115954,1.8343719702816235,-0.10986249591921417,6,0.21887066949648265,0.1,1.0888999753452238,0.0,0,0,0,0,0.0,1,0.0,0,easy_normal
0,1,210.54853574015885,9.735132297043618,85.94148710786618,1.1460111825711232,0.09283657685233566,15,4.274548843743581,0.0,1.7888058421822917,0.9333333333333333,6,7,1,6,0.4,2,5.096342379493977,1,A0
13,0,475.434474928741,78.69515504975013,1212.6817578421628,1.4681399390162087,-0.07991535176278765,4,0.5048014240784109,0.18181818181818182,1.515707952085713,0.5,0,0,2,0,0.0,2,0.0,0,easy_normal
13,0,1125.9848147378316,242.3678755891452,4492.806093180366,1.3321790402101223,-0.5304516136608821,4,0.21314674661565516,0.0,0.5004024235381879,0.0,0,0,0,0,0.0,0,0.0,0,easy_normal
10,0,204.74442403657898,79.58590371260726,1797.9383350298358,1.3321790402101223,0.013197954176300286,2,0.5860965472669536,0.2,1.3321790402101223,0.5,0,0,1,0,0.0,0,0.0,0,easy_normal
17,0,687.9174691213592,11.812906158061153,80.46503426817401,1.2692250611051026,0.03701525079183972,46,4.012109190256795,0.011111111111111112,1.6912658263676643,0.45652173913043476,12,8,1,31,0.6739130434782609,3,12.297926118714113,1,A0
3,1,820.2859341533999,11.67462823406319,53.38867510429681,1.2913329828692,-0.06607001664186621,49,3.5841160717138383,0.0,1.6912817469057986,0.3673469387755102,12,5,1,25,0.5102040816326531,8,11.958423359507819,1,A0
12,0,733.948022625028,139.20795223148008,664.6296662944521,1.4941751382893085,-0.17206568031480876,5,0.40874829109427163,0.125,1.073542846408523,0.0,0,0,0,0,0.0,1,0.0,0,easy_normal
13,0,433.13402766812266,78.17560319948844,2077.7798791450086,1.2554823251787535,-0.06061842849158446,5,0.692626256161677,0.125,0.9002560512685369,0.0,0,0,0,0,0.0,0,0.0,0,easy_normal
8,0,1021.3977829841647,127.15693803999075,8035.760721173934,1.3316643102930148,0.03417087911630891,6,0.3524581764297615,0.14285714285714285,1.4377014436429412,0.3333333333333333,0,0,2,0,0.0,1,0.0,0,easy_normal
9,0,677.4049647821794,150.10319883635177,10418.147967755614,0.9556998911125343,0.017426160941013468,3,0.26571993026044516,0.14285714285714285,1.4750763110546947,0.3333333333333333,0,0,1,0,0.0,1,0.0,0,easy_normal
9,0,486.817455506277,92.34740449024773,3540.649238756705,1.2206072645530173,0.09148516692910098,4,0.4929979344113832,0.3,1.2798542258336676,0.0,0,0,0,0,0.0,1,0.0,0,easy_normal
12,0,1048.365355712907,137.21440882670086,2677.7160014966926,1.5867847075280475,-0.02053006051069743,6,0.3433917365145986,0.2,1.459481873869085,0.16666666666666666,0,0,1,0,0.0,2,0.0,0,easy_normal
10,0,335.4420146571767,130.44375472462917,595.3968689049614,1.3321790402101223,-0.10225794700189368,2,0.35773694038488457,0.0,1.0549201679861442,0.0,0,0,0,0,0.0,2,0.0,0,easy_normal
8,0,351.921441038428,65.76846999744538,1442.7926541156944,1.5498260458782016,-0.10752884616554605,5,0.8524629789954786,0.14285714285714285,0.796311640173813,0.0,0,0,0,0,0.0,0,0.0,0,easy_normal
12,0,867.3696402409073,116.44449328170961,14953.95864367839,1.1569876443452742,0.221296136308086,7,0.4842226203390601,0.15384615384615385,1.1972375015579317,0.0,0,0,0,0,0.0,2,0.0,0,easy_normal
1,1,453.8892471116259,8.658715968958473,29.777217523446286,1.6284734619424073,-0.08751741276939029,29,3.8335343061609883,0.015625,1.859164650435761,0.7241379310344828,12,7,2,17,0.5862068965517241,7,8.62990361246824,1,A0
13,0,896.63441872804,28.955652174506774,705.1113363403568,1.2182785474498852,0.11204230386427598,19,1.2714211903857058,0.0,1.7667814436758253,1.105263157894737,12,9,0,12,0.631578947368421,7,27.557722576161506,1,A0
8,0,276.78455418596366,227.95157785041403,0.0,0.45056120886630463,0.27767617797601785,1,0.21677510212397078,0.5,1.242453324894,0.0,0,0,0,0,0.0,1,0.0,0,easy_normal
13,0,493.7920715925097,155.57230420267052,2637.3241081445703,1.277034259466139,0.008746908996270399,2,0.2430172675980654,0.2857142857142857,1.5498260458782016,0.5,0,0,1,0,0.0,1,0.0,0,easy_normal
12,0,848.3618587829407,89.94280263738514,1723.4582837598366,1.749778989184166,-0.05410744048790399,8,0.5657962991035543,0.125,1.2130075659799042,0.25,0,0,2,0,0.0,0,0.0,0,easy_normal
9,0,838.5498663473124,104.76345037444999,2044.782415038634,1.5857708352080968,-0.03155601186397322,6,0.429312572152858,0.15384615384615385,1.4180693652516903,0.16666666666666666,0,0,1,0,0.0,2,0.0,0,easy_normal
10,0,744.6151042870198,99.60912424295007,2162.7123645402307,1.6417347121875212,-0.09164705125254675,7,0.5640497991269683,0.09090909090909091,1.1595888143086257,0.14285714285714285,0,0,1,0,0.0,1,0.0,0,easy_normal
10,0,1484.2609418531035,217.14603108735525,4797.089405623101,1.6957425341696346,-0.1890474301062316,6,0.24254495274297191,0.0,1.0888999753452238,0.16666666666666666,0,0,1,0,0.0,1,0.0,0,easy_normal
11,0,95.857935152031,60.233157917821245,0.0,0.7356219397587946,0.23407676318673415,1,0.6259262720904618,0.5,1.3862943611198906,1.0,0,0,1,0,0.0,1,0.0,0,easy_normal
11,0,1821.4924192147314,220.1931643251432,19732.03352363183,1.6326309271543518,-0.03630434552956764,7,0.23058015260973053,0.08333333333333333,1.1187433359857524,0.0,0,0,0,0,0.0,2,0.0,0,easy_normal
12,0,295.9394618479352,8.165903125061606,42.17823926929868,1.6359038965590051,-0.045492470663026946,24,4.865860034373942,0.0,1.6626840745775031,0.5833333333333334,4,10,0,10,0.4166666666666667,4,8.68771674508424,1,A0
0,1,589.0671284163773,8.875596164216903,51.10291120259597,1.2290366734125717,-0.017506435705263303,40,4.074238544683451,0.011235955056179775,1.792167140353801,0.45,9,8,1,24,0.6,10,10.460662903160374,1,A0
10,0,834.8468767771808,109.22071638338002,3581.5249023113524,1.4451858789480827,-0.02551395945208241,7,0.5030862684919613,0.16666666666666666,1.2342678660790765,0.14285714285714285,0,0,1,0,0.0,1,0.0,0,easy_normal
11,0,597.598383365594,77.38934865220715,1084.343192695555,1.7677614722893296,-0.14817207058845985,7,0.7028131462381412,0.0,0.9075352941050093,0.2857142857142857,0,0,2,0,0.0,0,0.0,0,easy_normal
9,0,687.084965840347,168.70115413517567,9682.281307975652,1.5607104090414063,-0.015448267517728771,4,0.34930177770148896,0.0,0.8675632284814612,0.0,0,0,0,0,0.0,1,0.0,0,easy_normal
11,0,576.5681157912567,11.962165310998383,51.201815910495625,1.637730799642509,-0.1064432280680683,35,3.6422409468793684,0.015625,1.7398182438804837,0.42857142857142855,8,7,0,17,0.4857142857142857,6,13.130209169641898,1,A0
13,0,1372.6868722899858,173.9945738954943,12516.131736432222,1.39539709232679,0.09074947642379266,7,0.30596926981558054,0.26666666666666666,1.3378606778364337,0.2857142857142857,0,0,2,0,0.0,1,0.0,0,easy_normal
22,1,1073.561707202904,19.887216325544316,187.7120365495947,1.494928463004529,0.013992954067346595,44,2.4591041039255677,0.0,1.7642076809216316,0.5227272727272727,12,10,1,21,0.4772727272727273,11,22.07516677099534,1,A0
11,0,391.22114343375176,98.9460922533358,115.74147860100672,1.559581156259877,-0.08594912887045392,2,0.3067318881253677,0.125,1.559581156259877,1.0,0,0,2,0,0.0,2,0.0,0,easy_normal
9,0,1953.3033645759087,223.4097732274507,33288.265633175986,1.1246702892376168,0.12276492678080039,7,0.21502036376781047,0.25,1.4013926466081226,0.2857142857142857,0,0,2,0,0.0,2,0.0,0,easy_normal
13,0,433.83228172292365,82.20917310751945,585.849099173885,1.5607104090414063,-0.4622407610372941,4,0.5532091780880455,0.0,0.8675632284814612,0.25,0,0,1,0,0.0,0,0.0,0,easy_normal
9,0,339.7458966610063,94.70385383477658,1762.4760405661393,1.6094379124341005,-0.15914159208646916,3,0.5298077232691392,0.2,0.9502705392332347,0.0,0,0,0,0,0.0,0,0.0,0,easy_normal
9,0,1211.3951861509377,230.22859988821892,7148.263616868024,1.2206072645530175,0.01465443538461234,5,0.24764833427579805,0.1,1.2206072645530175,0.0,0,0,0,0,0.0,2,0.0,0,easy_normal
8,0,1364.4954184414023,182.0986147846458,11968.65237519606,1.4735023850806486,0.013629979976073566,7,0.3078060903126709,0.08333333333333333,1.2342678660790767,0.14285714285714285,0,0,1,0,0.0,1,0.0,0,easy_normal
9,0,639.4964196894878,130.3964053699798,1764.8533772110636,1.5498260458782016,-0.17367241988712426,4,0.37529529894246133,0.0,0.9556998911125343,0.0,0,0,0,0,0.0,2,0.0,0,easy_normal
15,0,959.1220965974526,107.26749237662094,2813.9485873084195,1.7201934592198251,-0.1983206588463875,8,0.500457659877539,0.09090909090909091,0.7595473914748635,0.0,0,0,0,0,0.0,0,0.0,0,easy_normal
5,1,469.06175967227273,11.43113033660018,57.00832895214761,1.6399120050287592,-0.022100570147451374,29,3.7095328368181515,0.0,1.7947168599968655,0.5517241379310345,8,7,1,16,0.5517241379310345,7,10.237416464373961,1,A0
13,0,1584.6704253811454,213.1949101583786,72109.53797910323,1.0335620542068176,0.2360641128637876,7,0.26503933769003196,0.09090909090909091,1.1595888143086257,0.14285714285714285,0,0,1,0,0.0,1,0.0,0,easy_normal
9,0,702.7568997718251,133.93921631968104,5928.700234491168,1.4142790651247086,0.0744504850998817,4,0.34151212187020075,0.2727272727272727,1.4681399390162084,0.25,0,0,1,0,0.0,1,0.0,0,easy_normal
9,0,893.5485727443529,155.04387396428868,11069.435360446663,1.4184836619456564,0.07097193148273105,5,0.33574000244733304,0.3,1.1682824501765625,0.2,0,0,1,0,0.0,0,0.0,0,easy_normal
15,0,1009.9670250925087,131.33497680861197,1364.1747535612596,1.7480673485460896,-0.34191408687440367,6,0.35644728100605616,0.0,1.0888999753452235,0.16666666666666666,0,0,1,0,0.0,1,0.0,0,easy_normal
15,0,253.56713760382303,43.483973511957885,491.98377527439817,1.7478680974667573,-0.2009453090525277,4,0.9464948899450034,0.14285714285714285,1.1537419427010902,0.0,0,0,0,0,0.0,1,0.0,0,easy_normal
20,1,450.60491325201633,9.724610280031166,39.059654867919235,1.5688791779313243,-0.03940674139121477,28,3.7283215308848665,0.015384615384615385,1.7493253227795018,0.8571428571428571,15,9,0,18,0.6428571428571429,4,10.825097402828597,1,A0
9,0,475.98980008114,91.13739010966185,3542.8005034020252,1.162225544921092,0.0895826403875056,4,0.5042124851395727,0.18181818181818182,1.5157079520857129,0.25,0,0,1,0,0.0,2,0.0,0,easy_normal
9,0,2072.3831636558975,213.088751403996,16699.188956515973,1.6726254461503207,-0.16174413063308282,7,0.20266522492832684,0.09090909090909091,0.8599672810355049,0.0,0,0,0,0,0.0,0,0.0,0,easy_normal
12,0,551.4198962677278,240.74710631935676,19629.775729612546,0.7356219397587946,0.2774849308266003,2,0.21762000394294273,0.375,1.4941751382893085,0.5,0,0,1,0,0.0,1,0.0,0,easy_normal
11,0,421.3509733137903,99.65604001711182,3333.1932515531657,1.3030924037617193,0.13201056414676088,4,0.5695964058477828,0.1111111111111111,1.4270610433807247,0.25,0,0,1,0,0.0,2,0.0,0,easy_normal
13,0,1850.0677440760637,211.58445977298956,29909.607286392107,1.4306853360872929,0.09840347078739538,8,0.25944995881203,0.14285714285714285,1.252762968495368,0.125,0,0,1,0,0.0,1,0.0,0,easy_normal
13,0,764.5954558741635,214.20066257569204,10567.739428645282,1.3321790402101223,-0.16572858024013543,3,0.2354186107399836,0.0,0.9502705392332347,0.3333333333333333,0,0,1,0,0.0,0,0.0,0,easy_normal
13,0,768.5034903063091,138.56843827004138,5549.328140275771,1.5229550675313182,-0.015033860651959843,5,0.39036907936543835,0.2222222222222222,1.1490596969706202,0.0,0,0,0,0,0.0,1,0.0,0,easy_normal
12,0,434.83383658629793,50.383283746364455,315.8095174239414,1.7481554572476758,-0.22589831931615326,7,0.9658861952815073,0.16666666666666666,1.1187433359857524,0.0,0,0,0,0,0.0,1,0.0,0,easy_normal
10,0,1333.2382094969116,150.4111188301303,10408.825680601725,1.6094379124341003,-0.12614071816624792,7,0.31502247460975796,0.0,0.6108643020548935,0.0,0,0,0,0,0.0,0,0.0,0,easy_normal
9,0,910.059213397454,172.47028664473248,10620.335198716155,1.4205719259467045,0.09608307252512212,4,0.2637191036218693,0.18181818181818182,1.5157079520857129,0.25,0,0,1,0,0.0,2,0.0,0,easy_normal
8,0,567.3434632254692,79.20803889660239,2187.452460808936,1.7480673485460894,-0.11847200441074218,4,0.4230241741670003,0.1,1.4708084763221114,0.5,0,0,2,0,0.0,1,0.0,0,easy_normal
14,0,336.3800900447123,51.30223620874003,496.63825127591116,1.6674619334292948,-0.07777132059665734,4,0.7134786127445852,0.25,1.2130075659799042,0.25,0,0,1,0,0.0,0,0.0,0,easy_normal
8,0,718.2613473407913,335.5760615047396,79916.99223822329,0.5004024235381879,0.2469036219370392,2,0.1670701067853286,0.2,1.3321790402101223,0.0,0,0,0,0,0.0,1,0.0,0,easy_normal
9,0,768.6865341765206,187.10416453670732,3569.879463878717,1.277034259466139,-0.04648397719861371,4,0.31222089802458614,0.14285714285714285,1.1537419427010902,0.0,0,0,0,0,0.0,1,0.0,0,easy_normal
12,0,235.4615463373726,90.59112685061335,3977.3515528709554,1.0549201679861442,0.07058633460839019,2,0.5096373563607806,0.2,1.3321790402101223,0.0,0,0,0,0,0.0,1,0.0,0,easy_normal
10,0,642.5541216314582,88.14705597280539,3234.946050074321,1.6726254461503207,-0.02020339151341463,6,0.5602640896395662,0.09090909090909091,1.1209503926735835,0.16666666666666666,0,0,1,0,0.0,0,0.0,0,easy_normal
5,1,726.6351428903032,18.244073358332393,133.62444822994834,1.8262265698090339,-0.12813737495751312,27,2.229454514897532,0.018867924528301886,1.6667546167313567,0.5925925925925926,13,3,0,15,0.5555555555555556,2,16.688279411958042,1,A0
10,0,1520.6227306023764,222.7355927223786,17133.85084606738,1.5857708352080968,0.03963119586479623,5,0.1972875940642809,0.15384615384615385,1.519382664642301,0.4,0,0,2,0,0.0,2,0.0,0,easy_normal
19,1,486.64662994061337,9.041216481563174,42.67960095869641,1.6978829041574612,-0.04572397688231067,30,3.6987824208700637,0.014084507042253521,1.8386143260060153,0.5333333333333333,8,6,2,20,0.6666666666666666,9,8.652626322751063,1,A0
23,1,416.6453311663647,16.093720563777648,35.112428631564086,1.695983656306354,-0.14862750796455765,15,2.160110608897316,0.0,1.7527880301859244,1.4666666666666666,15,6,1,6,0.4,5,18.17392846869299,1,A0
12,0,1918.5342374345432,250.30500699699627,79915.76166600539,0.6559757323365467,0.25329671862781933,7,0.21891712527456503,0.07142857142857142,1.3316643102930148,0.14285714285714285,0,0,1,0,0.0,2,0.0,0,easy_normal
11,0,1610.614100749463,216.20551669992838,36376.39256854425,1.0805738483648537,0.21289925016805544,7,0.2607700999293142,0.2,1.3953970923267898,0.14285714285714285,0,0,1,0,0.0,2,0.0,0,easy_normal
11,0,1287.0004971232268,121.5315393285361,4726.4871690828695,1.732125981490266,-0.009642899076435637,8,0.37296022889884034,0.2,1.159569796739054,0.0,0,0,0,0,0.0,1,0.0,0,easy_normal
12,0,630.147153869024,129.21701851859228,2736.2024340583016,1.4941751382893085,-0.10863920963050075,4,0.380863419800328,0.0,1.0397207708399179,0.0,0,0,0,0,0.0,2,0.0,0,easy_normal
15,0,1267.755115192281,128.04119083254542,3033.2079674094866,1.6114722042607263,-0.133637701661728,7,0.3312942657196839,0.07142857142857142,1.2700181519104903,0.14285714285714285,0,0,1,0,0.0,1,0.0,0,easy_normal
12,0,590.5672473952764,158.33953236555325,12184.864989581672,1.277034259466139,0.08960999991210547,3,0.3047917079619606,0.14285714285714285,1.4750763110546947,0.3333333333333333,0,0,1,0,0.0,1,0.0,0,easy_normal
12,0,744.8739667386794,22.246269788372377,159.33101676990003,1.5905084681636432,0.03427261895452909,23,1.8526624121958861,0.0,1.8551155213837023,1.1304347826086956,15,9,2,11,0.4782608695652174,9,21.215111422411994,1,A0
13,0,468.4455669297954,79.39752511135408,1434.4204745019701,1.6769877743224173,-0.07613080661548276,5,0.6404159227425459,0.2222222222222222,1.1490596969706202,0.2,0,0,1,0,0.0,0,0.0,0,easy_normal
16,0,281.3699285888103,61.55011807942043,2264.627788859696,1.0735428464085233,0.09914734029861143,4,0.8529696162049084,0.125,1.2130075659799042,0.0,0,0,0,0,0.0,1,0.0,0,easy_normal
15,0,489.88739347726585,103.75408357918946,3076.9428266987084,1.6674619334292948,-0.011529408717328389,4,0.4899085038634244,0.125,1.2130075659799042,0.0,0,0,0,0,0.0,2,0.0,0,easy_normal
10,0,365.46158517089503,13.201558795314073,78.06087071898988,1.364610703320171,-0.012419801127049447,19,3.119342897467376,0.0,1.748433518607771,0.9473684210526315,11,6,1,8,0.42105263157894735,2,13.124564755882812,1,A0
13,0,1108.698680495594,217.47903236498263,11877.732362392431,1.6769877743224175,-0.0209752210470816,4,0.21646999696321345,0.0,1.2730283365896256,0.25,0,0,1,0,0.0,2,0.0,0,easy_normal
22,1,953.5965013561349,17.66605935967861,226.10555500810295,1.2460614113689241,0.06229251134052008,37,2.3280286754857835,0.0,1.7372188804983424,0.5675675675675675,14,7,0,20,0.5405405405405406,12,18.223259637507017,1,A0
9,0,1763.205371584953,202.9023900756527,17921.548620452224,1.4878167164014493,0.06829198621934503,8,0.2722314755475852,0.06666666666666667,1.1369165918330009,0.0,0,0,0,0,0.0,2,0.0,0,easy_normal
8,0,1305.6686626045775,306.30370160733816,154363.7890580499,0.639031859650177,0.374558526673609,4,0.1838138624857876,0.3,1.4184836619456567,0.25,0,0,1,0,0.0,1,0.0,0,easy_normal
12,0,814.5358604756232,115.07996548797428,8515.166281039337,1.4270610433807247,-0.036812942225163764,6,0.44196949142274605,0.0,0.8486855577264172,0.16666666666666666,0,0,1,0,0.0,0,0.0,0,easy_normal
15,0,582.1547229156897,105.5500841922596,899.9804661805817,1.4941751382893085,-0.19959854660097628,5,0.5153269194441412,0.25,0.9002560512685369,0.0,0,0,0,0,0.0,0,0.0,0,easy_normal
0,1,739.8464800800655,11.981127119993953,75.83477775826957,1.580973951559019,-0.1002652015884057,43,3.487209940798522,0.0,1.6504441236207898,0.46511627906976744,12,7,1,25,0.5813953488372093,2,12.277454189908006,1,A0
11,0,200.42662069730125,80.93596589727565,0.0,1.3862943611198906,-0.2459475982740458,1,0.29936143108762153,0.0,1.3862943611198906,1.0,0,0,1,0,0.0,1,0.0,0,easy_normal
12,0,414.195499547308,97.8901185091208,866.6909199835571,1.4750763110546947,-0.1775067441878725,3,0.43457739206903434,0.0,1.277034259466139,0.6666666666666666,0,0,2,0,0.0,1,0.0,0,easy_normal
17,0,1561.8851553376905,177.31122142286438,17728.063271509596,1.2658567518727373,0.034678282998873926,8,0.30732093096577295,0.0,1.072016968563193,0.125,0,0,1,0,0.0,2,0.0,0,easy_normal
17,0,381.0259560385351,76.97894472418042,791.0796080105102,1.7478680974667573,-0.19306783108838402,4,0.6298783486963485,0.0,1.1537419427010902,0.25,0,0,1,0,0.0,1,0.0,0,easy_normal
12,0,1316.4567928406207,18.428880941577916,113.79756377279624,1.7044069351261202,-0.12164252816736275,50,2.2788442555161024,0.0,1.7043057937586732,0.34,10,5,2,23,0.46,7,16.9035219230788,1,A0
15,0,1081.2270159937614,293.4985628014762,39687.49402811904,1.242453324894,0.01627387258595454,3,0.16647752723285503,0.0,1.2424533248940002,0.3333333333333333,0,0,1,0,0.0,1,0.0,0,easy_normal
11,0,792.481703782687,125.1146464488093,10184.776452174465,1.4184836619456564,0.09846672616664366,6,0.45426916265907713,0.0,1.0888999753452235,0.16666666666666666,0,0,1,0,0.0,1,0.0,0,easy_normal
14,0,2040.0158429864778,204.7349404724041,20903.521527912504,1.4593594123475304,0.0720023990723782,8,0.23529229032716964,0.1111111111111111,1.4270610433807245,0.25,0,0,2,0,0.0,2,0.0,0,easy_normal
8,0,362.9582932498245,21.190745871044253,225.8840370183979,0.9793520896364287,0.12987420679052986,11,1.8183907415106821,0.0,1.7819467044479416,1.7272727272727273,9,8,2,8,0.7272727272727273,10,23.64587629251687,1,A0
13,0,454.98751201955974,235.11231500777123,0.0,1.3862943611198906,-0.1408662369755822,1,0.13187175123483527,0.25,1.3862943611198906,1.0,0,0,1,0,0.0,0,0.0,0,easy_normal
0,1,725.6212699264534,14.82681492356445,94.44829301827798,1.6989434614402168,-0.053950783081218374,27,2.232569616053562,0.0,1.7195139088988483,0.7777777777777778,11,10,0,20,0.7407407407407407,7,15.359604528902173,1,A0
13,0,1347.57600849338,200.91910284654065,17512.65535443585,1.3579778549873245,0.06959406814047661,6,0.26714634108282176,0.16666666666666666,1.198849312913621,0.0,0,0,0,0,0.0,1,0.0,0,easy_normal
1,1,643.8478858049053,8.86927220440478,47.360440319036414,1.3023420811953068,-0.11258523023701081,43,4.007157679448799,0.0,1.6341720079003696,0.32558139534883723,8,5,1,25,0.5813953488372093,3,9.60699064219888,1,A0
3,1,394.0817238256446,8.944709358547739,36.936077135021705,1.6919727587609905,-0.04389723540465039,33,5.0243385579485045,0.0,1.6640975514545293,0.5151515151515151,14,2,1,16,0.48484848484848486,4,9.318110932583178,1,A0
10,0,249.14977669592696,126.00966222255403,0.0,1.329661348854758,0.034991712264039174,1,0.2408189997024423,0.3333333333333333,1.5607104090414063,1.0,0,0,1,0,0.0,1,0.0,0,easy_normal
22,1,696.8159752987603,19.531890068339962,279.37566731516296,1.1660966754593625,0.12135926713812478,29,2.4970724863963887,0.015873015873015872,1.7943694314190997,0.5517241379310345,12,2,2,19,0.6551724137931034,9,22.591713372782944,1,A0
14,0,668.4359615275122,316.96408229504846,49171.30297496388,1.0397207708399179,0.12978529643331008,2,0.1795235548455167,0.25,1.0397207708399179,0.0,0,0,0,0,0.0,0,0.0,0,easy_normal
10,0,1270.245130476231,21.040647497359938,442.18992429321537,0.945434523730877,0.12601383058898544,50,2.3617488687992543,0.0,1.6188345216155293,0.36,10,8,0,30,0.6,4,23.542846634613237,1,A0
12,0,1069.4951686413156,156.04662173165062,12530.1934073488,0.9002560512685369,-0.12270909456585931,6,0.33660741119321114,0.0,0.7356219397587946,0.16666666666666666,0,0,1,0,0.0,0,0.0,0,easy_normal
16,0,467.871322522209,129.59738892333743,11810.08962523014,0.8486855577264172,0.23599803730356841,3,0.3847211644211336,0.2222222222222222,1.5229550675313184,0.6666666666666666,0,0,2,0,0.0,1,0.0,0,easy_normal
12,0,150.72728376314544,115.81531253694476,0.0,1.0397207708399179,0.09931044571769478,1,0.3980699346661397,0.0,1.3862943611198906,1.0,0,0,1,0,0.0,1,0.0,0,easy_normal
11,0,312.1256548264894,185.8505726626368,0.0,1.242453324894,0.10158259214475501,1,0.19223027352030386,0.16666666666666666,1.5607104090414063,2.0,0,0,2,0,0.0,1,0.0,0,easy_normal
5,1,239.96047625927758,12.42684243488159,65.35441579969604,1.508019432097699,0.014615387632148381,10,2.5004117734443034,0.0,1.733377214795454,1.6,6,9,1,8,0.8,11,13.431658839801996,1,A0
11,0,445.0049038136601,57.09524482964517,617.726452844649,1.8184831630123652,-0.08967475030362922,6,0.8089798492439652,0.15384615384615385,1.3778195080390327,0.16666666666666666,0,0,1,0,0.0,1,0.0,0,easy_normal
12,0,850.6252918668056,209.29129620265502,8143.0506560159565,1.3296613488547582,-0.08040146581005321,4,0.2821453844539344,0.0,0.8675632284814612,0.0,0,0,0,0,0.0,1,0.0,0,easy_normal
22,1,859.5743422325436,14.726892261041597,116.93383065679544,1.4437782793690663,-0.027085446362885394,50,3.490099520895657,0.01282051282051282,1.5773430713334342,0.22,4,7,0,24,0.48,3,17.54888391780821,1,A0
20,1,415.0627305048952,15.71638213861188,77.66547507686913,1.633482722291895,-0.027711251582338073,20,2.891129248198899,0.023255813953488372,1.8474362523976586,0.55,4,5,2,11,0.55,2,14.686982409679864,1,A0
11,0,487.377793294425,184.70341697792142,29142.03534087287,0.7356219397587946,0.2989006471716561,2,0.24621556757615334,0.375,1.4941751382893085,0.5,0,0,1,0,0.0,1,0.0,0,easy_normal
0,1,398.58309043156174,10.062074653640835,25.09576961590974,1.8497419916670306,-0.11961507237848394,31,4.6665301279743305,0.0,1.655567260639063,0.3870967741935484,8,4,0,20,0.6451612903225806,5,8.804579029440585,1,A0
1,1,799.6956504613678,15.295579097877283,193.50508339042858,1.5125292119607272,-0.0477519257445778,27,2.025770677964016,0.016129032258064516,1.8674877716500684,0.7037037037037037,9,9,1,13,0.48148148148148145,7,16.045423330695883,1,A0
0,1,274.99192414433776,9.781654737848411,51.480828442587615,1.5970660512895445,-0.06444204743543672,11,2.4000704822647054,0.0,1.6920857838790453,1.0,8,2,1,3,0.2727272727272727,10,6.944124961174601,1,A0
9,0,1279.2882018712153,170.89848217426018,4686.684122604623,1.6726254461503207,-0.18312908183711413,6,0.2814064879777894,0.09090909090909091,1.1685184057430877,0.3333333333333333,0,0,2,0,0.0,0,0.0,0,easy_normal
12,0,469.36812512781114,64.70064055641717,1103.183226776712,1.6417347121875214,-0.09513330135554447,6,0.7669885974936417,0.09090909090909091,1.294545165844896,0.16666666666666666,0,0,1,0,0.0,2,0.0,0,easy_normal
9,0,1557.3797181088862,187.8617548129329,11569.248760599086,1.5367224694372195,-0.0027936105322418038,7,0.26968374836035663,0.07142857142857142,1.3690391777047681,0.2857142857142857,0,0,2,0,0.0,2,0.0,0,easy_normal
12,0,300.19921905303494,10.648393645090382,33.33047933077784,1.1831264038703304,0.048820465162025005,11,2.1985400297906854,0.0,1.7957773983197471,1.0909090909090908,5,6,1,8,0.7272727272727273,2,10.883516561742905,1,A0
12,0,470.1884854928202,117.38459842109194,2187.9067443794715,1.3592367006650063,0.08762905784389836,3,0.382825197880667,0.4,1.4184836619456564,0.3333333333333333,0,0,1,0,0.0,1,0.0,0,easy_normal
13,0,610.1496082204555,67.70209044072412,3033.72674787376,1.5171063970610272,-0.018170291438066057,7,0.6883557644574413,0.08333333333333333,1.2342678660790767,0.14285714285714285,0,0,1,0,0.0,1,0.0,0,easy_normal
10,0,464.3592101211418,157.59334014298082,3891.429277713225,1.3321790402101223,-0.06212433242750753,2,0.2584206308058248,0.2,1.3321790402101223,0.5,0,0,1,0,0.0,0,0.0,0,easy_normal
13,0,2139.659482140103,213.00647091314855,19203.853334815474,1.541976432762825,-0.020931824691004366,8,0.22433476167894736,0.0625,1.3535913521346064,0.25,0,0,2,0,0.0,2,0.0,0,easy_normal
14,0,1119.8122881803229,223.15492634705254,12404.72643775365,1.349792396172401,0.11363595465623368,4,0.21432163455715972,0.4166666666666667,1.3522093992338282,0.25,0,0,1,0,0.0,1,0.0,0,easy_normal
13,0,977.6663600403355,119.24497949286734,4385.302055466659,1.5867847075280475,-0.015055037535939265,6,0.3682237772660476,0.3333333333333333,1.235144651532666,0.16666666666666666,0,0,1,0,0.0,0,0.0,0,easy_normal
12,0,1176.3674850251787,194.9428524636029,24384.81549535369,1.3592367006650063,0.08692920714090985,5,0.2550223495794589,0.0,1.2206072645530175,0.2,0,0,1,0,0.0,2,0.0,0,easy_normal
12,0,1439.4066856923096,275.8795332874133,14856.8892258136,1.1786549963416462,0.1536944816816948,5,0.20841920701216513,0.38461538461538464,1.3269201940506903,0.2,0,0,1,0,0.0,1,0.0,0,easy_normal
12,0,752.0202891049868,133.84200445464128,5901.539515558468,1.6094379124341,0.03575477583637524,5,0.39892540712836816,0.1,1.3592367006650063,0.4,0,0,2,0,0.0,1,0.0,0,easy_normal
2,1,867.4687123662158,19.635982594013516,232.34431023219943,1.437551657604378,0.03958986555459672,35,2.420836590488409,0.0,1.7256858550603795,0.5714285714285714,15,3,2,15,0.42857142857142855,7,15.36954719148938,1,A0
13,0,1133.9031421008556,248.3781279974718,8223.895958633317,1.3296613488547582,-0.1537344956609954,3,0.15874371744530347,0.16666666666666666,1.242453324894,0.3333333333333333,0,0,1,0,0.0,0,0.0,0,easy_normal
10,0,474.6382326124533,97.65994771730327,2842.415572230545,1.3592367006650063,0.06795104997487669,4,0.5056482674794601,0.3,1.4184836619456567,0.25,0,0,1,0,0.0,1,0.0,0,easy_normal
23,1,736.0763034271882,15.464905278615207,99.6871588537677,1.5305623671860034,-0.05438962599204181,35,2.8529650937305706,0.030303030303030304,1.7881352871551601,0.34285714285714286,8,3,1,20,0.5714285714285714,7,16.3372389627843,1,A0
12,0,854.4723449761442,223.23556667193802,18416.351459834386,1.5607104090414063,-0.06807413816958227,2,0.14043754687385493,0.16666666666666666,1.5607104090414063,0.5,0,0,1,0,0.0,1,0.0,0,easy_normal
3,1,446.0482594757414,10.736912141219499,67.24193081659021,1.4798535824927974,-0.01065355235245248,24,3.2283502276020317,0.034482758620689655,1.8020714033601755,0.9166666666666666,14,8,0,13,0.5416666666666666,4,10.04016333599153,1,A0
16,0,935.970751654958,16.004504999318524,121.59112731592005,1.5097943004182457,-0.03281795439577082,39,2.5000781230209124,0.02247191011235955,1.8272199836812657,0.5384615384615384,13,6,2,25,0.6410256410256411,8,16.444894260749674,1,A0
9,0,1999.86965929259,244.69263328116816,17277.37736808256,1.5047882836811908,-0.20681286497814172,7,0.2100136866662429,0.0,0.8018185525433373,0.14285714285714285,0,0,1,0,0.0,0,0.0,0,easy_normal
9,0,754.8174669640701,108.50607968172466,5469.46655965976,1.6769877743224175,-0.08276542468325407,6,0.47693649889680717,0.1111111111111111,1.0027182645175161,0.16666666666666666,0,0,1,0,0.0,0,0.0,0,easy_normal
16,0,825.0857570234849,13.257667301215292,129.4931431357927,1.6582392823078587,-0.05250407016237647,36,2.617909691947959,0.0,1.7669187721415716,0.4722222222222222,9,7,1,22,0.6111111111111112,10,11.547571407058756,1,A0
21,1,1046.457042986753,17.471587764057432,215.48592470154827,1.0944126747575034,0.08874373704523818,49,2.8094798727798485,0.0,1.6797135843952173,0.3673469387755102,13,4,1,26,0.5306122448979592,8,21.16018903336606,1,A0
8,0,83.24887529750634,68.26342591748272,0.0,0.6365141682948128,0.01854145133291976,1,0.7207304577458629,0.0,1.0986122886681096,0.0,0,0,0,0,0.0,1,0.0,0,easy_normal
1,1,700.0504145343704,9.4534541823683,32.333997075909316,1.4653860895921182,-0.11083239235359411,47,4.028281308676443,0.0,1.6750733337848707,0.40425531914893614,11,8,0,25,0.5319148936170213,6,8.765914322023026,1,A0
14,0,1019.2322823175849,165.94332254968853,25105.564242180695,1.2148896539491205,0.13742100498199075,6,0.3532070228205613,0.1111111111111111,0.8486855577264172,0.0,0,0,0,0,0.0,0,0.0,0,easy_normal
20,1,350.620772805139,9.300339749522681,50.94803429808178,1.3439318868537509,0.05894201796709875,22,3.7647512708370057,0.01639344262295082,1.8003643946419439,1.0909090909090908,14,10,0,14,0.6363636363636364,6,8.37333167040473,1,A0
10,0,338.46093928510925,77.78560756212791,875.4855240637862,1.2130075659799042,-0.04074697685910109,3,0.5318191232943824,0.375,1.2554823251787535,0.0,0,0,0,0,0.0,1,0.0,0,easy_normal
16,0,817.3078054614917,106.94115980202886,1804.0230210644197,1.6313454208085967,-0.0872655291318214,5,0.3670587727112253,0.3076923076923077,1.4127446368638479,0.2,0,0,1,0,0.0,1,0.0,0,easy_normal
13,0,1100.812629724977,127.83800173554407,9406.65170672106,1.583258459420477,0.022764825672230593,8,0.43604150882600384,0.0,0.9830877585747855,0.125,0,0,1,0,0.0,1,0.0,0,easy_normal
14,0,1183.3117932575792,251.84024000267263,9631.466691245832,1.4941751382893085,-0.06264860626978405,4,0.20282059332755895,0.125,1.3862943611198906,0.25,0,0,1,0,0.0,1,0.0,0,easy_normal
14,0,1363.2671832178576,99.34111146404516,6429.419008180714,1.303092403761719,0.09767311595190556,8,0.35209532357920287,0.2222222222222222,1.350044689985175,0.125,0,0,1,0,0.0,1,0.0,0,easy_normal
13,0,1314.5738699795595,142.34019461059827,7462.02970999533,1.6326309271543522,-0.11006762617598544,7,0.31949516842787284,0.0,0.887694275799104,0.0,0,0,0,0,0.0,1,0.0,0,easy_normal
10,0,1360.9619752164056,135.5049705995518,9086.206731084729,1.4985690796770057,-0.09196722034146439,7,0.3086052422098098,0.07692307692307693,1.3038755293363848,0.14285714285714285,0,0,1,0,0.0,2,0.0,0,easy_normal
4,1,554.111255641916,13.523707236914989,96.6108653944405,1.4950943386835163,0.033977230857214186,32,3.4650081196704,0.0,1.7295014157605173,0.5,8,6,2,16,0.5,3,10.871444876566116,1,A0
9,0,461.1833789756201,13.925601364272993,82.40392308821704,1.489938895483418,-0.14522316551576742,21,2.732101930470067,0.0,1.7319299943539903,0.42857142857142855,5,3,1,12,0.5714285714285714,3,12.142680003237716,1,A0
13,0,432.73162079485445,78.63094481449545,4155.414258977848,1.277034259466139,0.005252305136737698,3,0.41596220694334884,0.14285714285714285,1.4750763110546947,0.3333333333333333,0,0,1,0,0.0,1,0.0,0,easy_normal
13,0,729.8824617468883,103.49141823299351,4890.761814696068,1.3114313374732374,0.07768392270465163,6,0.49323010055397426,0.15384615384615385,1.3778195080390327,0.16666666666666666,0,0,1,0,0.0,1,0.0,0,easy_normal
14,0,243.61065143604466,64.77659521188872,0.0,0.9502705392332347,0.08490832628906432,1,0.24629464945933144,0.2,1.6094379124341005,1.0,0,0,1,0,0.0,1,0.0,0,easy_normal
12,0,481.42931066118894,282.66236220843047,0.0,0.5623351446188083,-0.1221904540887067,1,0.12462888875128263,0.0,1.0397207708399179,2.0,0,0,2,0,0.0,0,0.0,0,easy_normal
14,0,262.6242274074514,70.41630144885228,2966.849222802015,1.242453324894,0.04005200750256226,3,0.6853899268049514,0.0,1.2424533248940002,0.3333333333333333,0,0,1,0,0.0,1,0.0,0,easy_normal
14,0,897.8384144117821,180.71160180387943,5544.314865290093,1.3208883431493221,-0.07671320453568502,4,0.2673086784298885,0.25,1.2130075659799042,0.0,0,0,0,0,0.0,1,0.0,0,easy_normal
12,0,841.406717252727,14.512873583431189,90.27621577416974,1.8355482829367724,-0.14958874330821165,44,3.137602714439755,0.0,1.5939495995343953,0.25,6,3,2,25,0.5681818181818182,3,15.58052592666518,1,A0
11,0,323.9810316831357,56.672300577426775,859.2604389243717,1.7478680974667573,-0.09204546562131807,3,0.5555880820085974,0.0,1.277034259466139,0.6666666666666666,0,0,2,0,0.0,1,0.0,0,easy_normal
10,0,292.96273969903444,43.843337885491366,1273.7972383690549,1.5810937501718239,-0.02040959656484192,5,1.0240210079554657,0.1111111111111111,1.1490596969706202,0.0,0,0,0,0,0.0,1,0.0,0,easy_normal
23,1,403.4294653028198,10.380310579374612,37.01516533773686,1.5749468676377234,-0.060057193504800495,15,2.23087324403647,0.0,1.6926125151437497,1.4666666666666666,15,7,0,12,0.8,10,9.078457355376226,1,A0
17,0,414.89043195303856,169.96322459731567,1372.9807779627245,1.242453324894,0.0446112904260882,2,0.28923298962359006,0.0,1.3296613488547582,1.0,0,0,2,0,0.0,1,0.0,0,easy_normal
19,1,508.5179997799135,12.251079606004486,84.86538424968235,1.3301513189721952,-0.033802502256882354,28,3.3037178639243914,0.016129032258064516,1.8558641879024156,0.7857142857142857,12,8,2,12,0.42857142857142855,5,12.5469458382044,1,A0
11,0,931.5365319270758,135.27377121676497,5407.4117516333345,1.5465986860485124,-0.03242219196854548,6,0.3864582736817263,0.18181818181818182,1.294545165844896,0.16666666666666666,0,0,1,0,0.0,1,0.0,0,easy_normal
10,0,271.2354823400104,10.789236069772224,77.02805506776653,1.2531423583851289,-0.0497573021134143,15,3.318149942018996,0.0,1.7663076750323723,0.9333333333333333,10,3,1,7,0.4666666666666667,4,13.221213757153023,1,A0
2,1,463.2148906064387,12.54563317382972,83.9873264112273,1.6466430430554193,-0.005617122680908828,22,2.8496493242517795,0.0,1.7772184269875522,0.7272727272727273,12,3,1,13,0.5909090909090909,8,11.07956417073796,1,A0
15,0,395.9337640813712,140.61107730572888,1453.4000817268247,1.242453324894,-0.057390609105102276,2,0.30308099709156894,0.16666666666666666,1.5607104090414063,0.5,0,0,1,0,0.0,1,0.0,0,easy_normal
12,0,749.2603631845114,134.32676891199694,9119.960832409022,1.2206072645530175,0.09152891587607716,5,0.400394862374593,0.1,1.3592367006650066,0.2,0,0,1,0,0.0,1,0.0,0,easy_normal
15,0,612.4450349261817,189.74240701064906,18511.51020681135,1.3321790402101223,-0.003352659916823577,2,0.19593595042282227,0.0,1.0549201679861442,0.0,0,0,0,0,0.0,2,0.0,0,easy_normal
13,0,341.6871021393934,13.500586230163348,105.70368599195459,1.3142816598260754,-0.039506224281345814,11,1.9315917863670162,0.025,1.9249853694864019,1.3636363636363635,8,6,1,6,0.5454545454545454,7,9.302667611430715,1,A0
8,0,808.489676440838,20.425788073839133,200.1280632153268,1.5724006039054585,-0.03008456152840916,30,2.2263735115629726,0.0,1.8022763273444848,0.5,6,7,2,17,0.5666666666666667,7,19.28804133130282,1,A0
5,1,781.1149842470229,13.75874619611915,89.279296614064,1.6827034254846982,-0.05245983922005969,45,3.456597369723663,0.02666666666666667,1.6210151023286163,0.15555555555555556,5,2,0,16,0.35555555555555557,10,11.58558496169007,1,A0
13,0,675.9728072432258,99.22004496165658,2910.9002883909343,1.8343719702816235,-0.07390583109254115,6,0.5325658016750165,0.0,0.8979457248567798,0.0,0,0,0,0,0.0,1,0.0,0,easy_normal
14,0,1633.061889622639,228.90650060428237,38961.015584815235,1.4270610433807247,-0.011517952876091099,5,0.18370399916032742,0.1111111111111111,1.1490596969706202,0.0,0,0,0,0,0.0,1,0.0,0,easy_normal
12,0,268.7984933096981,91.8143373880248,261.9516104304491,1.15374194270109,-0.04432930458999795,2,0.44643107378485625,0.2857142857142857,1.5498260458782016,0.5,0,0,1,0,0.0,1,0.0,0,easy_normal
10,0,673.4716158312747,50.513550611324085,728.3648130153638,1.4451858789480823,-0.02233277159789746,6,0.5345436860848951,0.16666666666666666,1.2424533248940002,0.3333333333333333,0,0,2,0,0.0,0,0.0,0,easy_normal
12,0,739.5000051248236,21.804834044522813,192.99479492709563,1.7112857296614927,-0.039389256633761714,19,1.5415821394180709,0.0,1.8521108416445686,0.7368421052631579,7,5,2,11,0.5789473684210527,11,27.29515346008196,1,A0
11,0,1064.190851545078,250.9332295271762,59544.674241432294,1.15374194270109,0.17628716681529016,4,0.2255234572365931,0.14285714285714285,1.15374194270109,0.0,0,0,0,0,0.0,1,0.0,0,easy_normal
12,0,1267.5647140127135,165.5827913604236,41702.471485918875,0.8239592165010823,0.23928095003026603,7,0.3313440295055322,0.08333333333333333,1.2342678660790767,0.14285714285714285,0,0,1,0,0.0,2,0.0,0,easy_normal
15,0,246.00023823145787,100.69238904701947,0.0,1.0986122886681096,-0.16362520929993585,1,0.2439022028244823,0.0,1.0986122886681096,0.0,0,0,0,0,0.0,1,0.0,0,easy_normal
16,0,1271.4523190162904,270.75312606147156,15033.957290366005,1.4750763110546947,-0.12745351429651408,4,0.1887605192978731,0.0,1.1537419427010902,0.25,0,0,1,0,0.0,1,0.0,0,easy_normal
11,0,1160.7007005720175,202.8803735388116,10259.676748143838,1.559581156259877,-0.1366419848683067,5,0.25846456356247033,0.0,0.9002560512685369,0.2,0,0,1,0,0.0,0,0.0,0,easy_normal
9,0,224.67425723357115,91.55768496642557,551.6404940151943,1.3321790402101223,-0.03742030040079298,2,0.5341065838052292,0.2,1.3321790402101223,0.0,0,0,0,0,0.0,1,0.0,0,easy_normal
14,0,491.01103249343885,115.846417841542,4730.682989236751,1.4750763110546947,0.02761483992502891,4,0.48878738789480664,0.14285714285714285,1.1537419427010902,0.25,0,0,1,0,0.0,0,0.0,0,easy_normal
9,0,995.1169313908506,162.88312429491668,1358.8625658713145,1.2882523050229002,-0.05191133935430631,5,0.30147210899195265,0.18181818181818182,1.2882523050229002,0.0,0,0,0,0,0.0,2,0.0,0,easy_normal
0,1,449.0431414291802,15.081991075998978,74.97903881696692,1.6525824864181997,-0.0633549878957003,18,2.4051141201325525,0.0,1.8431801625937885,1.0,10,6,2,11,0.6111111111111112,7,13.588823174163558,1,A0
14,0,1351.1407386455112,146.66566760029218,5939.366098311102,1.4253366217394134,0.05125307016774035,8,0.3552553677577581,0.29411764705882354,1.1874157698436563,0.0,0,0,0,0,0.0,1,0.0,0,easy_normal
12,0,1897.059118020209,201.6168200364894,3471.964708477974,1.541976432762825,-0.08211300297944207,7,0.22139531446880603,0.125,1.4013926466081226,0.14285714285714285,0,0,1,0,0.0,2,0.0,0,easy_normal
3,1,663.091553955421,11.65683908526751,102.20128995218784,1.1201587566806457,-0.012962013314984538,36,3.2574687267773803,0.0,1.7300519775092895,0.4444444444444444,7,7,2,20,0.5555555555555556,4,10.856258093504028,1,A0
12,0,667.3774254194989,130.46105781584794,7258.735972296449,1.3862943611198906,-0.03421915899496272,4,0.35961659903186155,0.0,1.2130075659799042,0.25,0,0,1,0,0.0,1,0.0,0,easy_normal
13,0,728.868562769931,209.00410918086644,9067.225609900866,1.3321790402101223,-0.1509762989708867,3,0.24695810629552065,0.2,0.9502705392332347,0.0,0,0,0,0,0.0,0,0.0,0,easy_normal
15,0,750.7785245385137,178.08247966092458,17411.955866379914,1.2275294114572126,0.15896733798167476,2,0.15983408698825163,0.4,1.4708084763221114,1.0,0,0,2,0,0.0,1,0.0,0,easy_normal
11,0,641.7171696388397,207.09606165692787,2433.807647792801,1.242453324894,-0.019453873769946794,2,0.18699826914018267,0.16666666666666666,1.5607104090414063,0.5,0,0,1,0,0.0,1,0.0,0,easy_normal
13,0,853.09687950374,123.50775321603938,8671.489685327435,1.4708084763221112,0.010283540213020663,6,0.4219919315722005,0.2,1.0888999753452235,0.16666666666666666,0,0,1,0,0.0,0,0.0,0,easy_normal
11,0,1241.5768569502425,168.0748135333519,7355.334912989361,1.4735023850806486,-0.013023264697750699,7,0.3382795013042289,0.08333333333333333,1.2342678660790767,0.2857142857142857,0,0,2,0,0.0,1,0.0,0,easy_normal
15,0,989.1412462218683,234.36728977888117,4595.935197434406,1.2130075659799042,-0.011244428661387865,4,0.24263471058021885,0.125,1.2130075659799042,0.0,0,0,0,0,0.0,2,0.0,0,easy_normal
15,0,1921.4678991908736,235.68229515041892,15913.451492006969,1.7326587201992076,-0.0392796322434868,7,0.21858288664456024,0.15384615384615385,1.1569876443452742,0.14285714285714285,0,0,1,0,0.0,0,0.0,0,easy_normal
8,0,986.1571939123212,110.48353395790276,3076.5187542365966,1.8065071652616695,-0.062116656405552174,7,0.42589559006689354,0.06666666666666667,1.3953970923267898,0.2857142857142857,0,0,2,0,0.0,2,0.0,0,easy_normal
10,0,2216.0486689561158,256.3541579431643,10529.177727967002,1.8937882323911377,-0.2501761381541531,7,0.18952652343950718,0.09090909090909091,1.0335620542068176,0.2857142857142857,0,0,2,0,0.0,0,0.0,0,easy_normal
10,0,702.9985480863156,156.99493422605994,2892.5060431442557,1.349792396172401,0.13369298116825576,4,0.3413947306908695,0.4166666666666667,1.3522093992338282,0.25,0,0,1,0,0.0,1,0.0,0,easy_normal
11,0,641.7706173286157,135.18061137115163,4338.900418214702,1.4270610433807247,0.011888097849914172,4,0.37396539124680606,0.1111111111111111,1.4270610433807245,0.25,0,0,1,0,0.0,1,0.0,0,easy_normal
9,0,991.8271238592223,127.69758120427757,10585.800898746402,1.4681399390162087,-0.0004582366242268232,6,0.36296648008498866,0.09090909090909091,1.1685184057430877,0.3333333333333333,0,0,2,0,0.0,0,0.0,0,easy_normal
12,0,1752.846927019776,166.97153406432454,24778.77061520234,1.2519894208137132,0.0719885795876525,8,0.27384022677673586,0.13333333333333333,1.1369165918330009,0.0,0,0,0,0,0.0,1,0.0,0,easy_normal
2,1,423.7322554117517,12.010523410063987,95.94501957113879,1.4569796706033278,0.019999499305684794,20,2.8319769964973016,0.0,1.814923752164176,0.75,6,8,1,11,0.55,11,14.672860830713342,1,A0
17,0,356.1448381017616,75.50474905243036,176.59753820501098,1.7328679513998633,-0.11887156076040666,2,0.3369415674802292,0.25,1.559581156259877,1.0,0,0,2,0,0.0,1,0.0,0,easy_normal
8,0,1531.3708920290771,204.72259806815833,23047.74145923231,1.3038755293363848,0.10704846041686418,7,0.2742640611664605,0.0,1.1972375015579317,0.2857142857142857,0,0,2,0,0.0,2,0.0,0,easy_normal
1,1,619.6838934148475,11.835163833102072,49.802169877935036,1.5815445181773018,-0.07729295284885719,34,3.292001005154933,0.0,1.748579512193663,0.6470588235294118,14,6,2,26,0.7647058823529411,10,11.36635883509329,1,A0
8,0,690.1934655597444,87.50707384709041,11583.316129873578,0.7549967581308246,0.2696704440296612,7,0.6085250309627048,0.14285714285714285,1.1709971261162124,0.0,0,0,0,0,0.0,1,0.0,0,easy_normal
21,1,629.4018809522418,9.333403528967631,39.296601461518215,1.8459392429864363,-0.11210919682330539,50,4.766429988199601,0.012987012987012988,1.603718117268957,0.16,5,2,1,26,0.52,6,8.790299681954556,1,A0
16,0,97.62483901023879,49.89864419683866,0.0,1.5607104090414063,0.003386971684663949,1,0.6145976844449113,0.5,1.242453324894,1.0,0,0,1,0,0.0,0,0.0,0,easy_normal
19,1,817.6967018734217,13.63604870206957,149.05500811248066,1.075989162661771,0.07326133983976839,47,3.448711476442438,0.0,1.6577686319980596,0.3617021276595745,11,5,1,27,0.574468085106383,5,10.69337098442965,1,A0
10,0,805.8377393121045,207.24292026281574,6448.0864908891035,1.6674619334292948,-0.06061980067922242,2,0.1489133533289677,0.25,1.559581156259877,1.0,0,0,2,0,0.0,1,0.0,0,easy_normal
13,0,455.9737646162242,82.76594918040414,3151.4547516046996,1.4270610433807247,0.050195279594605846,5,0.657932590162284,0.1111111111111111,1.1490596969706202,0.4,0,0,2,0,0.0,0,0.0,0,easy_normal
16,0,1127.0473633943752,119.33341925977362,1930.4704623845564,1.8848713335781606,-0.20526617362909125,8,0.4258915956773672,0.07692307692307693,1.1786549963416462,0.125,0,0,1,0,0.0,1,0.0,0,easy_normal
17,0,907.1702313313972,175.0054220638227,2461.775383135513,1.7351264569629226,-0.11973801961252152,4,0.264558945731461,0.1111111111111111,1.2730283365896256,0.5,0,0,2,0,0.0,0,0.0,0,easy_normal
10,0,659.2033681470193,173.66878829133452,18167.63122453245,1.15374194270109,0.09131454242557291,3,0.27305685725782786,0.2857142857142857,1.277034259466139,0.3333333333333333,0,0,1,0,0.0,0,0.0,0,easy_normal
14,0,877.382039327609,16.906641580637558,133.53255248730557,1.6161610873089292,-0.02036262413419976,39,2.667025189840088,0.0,1.6480148036205668,0.358974358974359,9,4,1,23,0.5897435897435898,4,16.266722166635226,1,A0
11,0,489.9088635725543,94.88903420978858,1390.3799060034873,1.7478680974667573,-0.15194544484712386,4,0.4898870337839001,0.14285714285714285,1.1537419427010902,0.25,0,0,1,0,0.0,0,0.0,0,easy_normal
13,0,801.2595986000888,241.92553655896268,18108.713387834952,1.2130075659799042,0.1598621830668695,3,0.22464629480194043,0.125,1.4941751382893083,0.3333333333333333,0,0,1,0,0.0,2,0.0,0,easy_normal
20,1,1023.3135629694449,15.297101058341351,102.21869163030964,1.614366049317224,-0.0928842482437937,41,2.403955238178987,0.011627906976744186,1.7409885271986387,0.3902439024390244,13,2,1,24,0.5853658536585366,12,14.999246492176686,1,A0
15,0,1205.7517102826494,381.2933610126624,69570.7586570967,0.6837389058487535,0.2677590268455101,3,0.14928446583567762,0.3333333333333333,1.464816384890813,0.3333333333333333,0,0,1,0,0.0,1,0.0,0,easy_normal
12,0,131.40991760921824,98.94750699792746,0.0,1.0397207708399179,0.08717549709279628,1,0.45658654302200913,0.25,1.3862943611198906,0.0,0,0,0,0,0.0,1,0.0,0,easy_normal
0,1,1033.5504078519696,14.225569287151302,145.60953596775758,1.2496435597684952,0.06619849962338462,41,2.380145159163184,0.0,1.7950675032709988,0.5609756097560976,12,9,2,22,0.5365853658536586,8,14.35059342457174,1,A0
15,0,982.6002537236368,191.6480890890043,4718.544089888472,1.5607104090414063,-0.2987478726841947,5,0.30531235755652175,0.0,0.45056120886630463,0.0,0,0,0,0,0.0,0,0.0,0,easy_normal
14,0,1003.1336958236291,120.2304199948494,6840.376870431765,1.5247073930301438,0.047067497255798015,8,0.47850052490350553,0.07692307692307693,1.1786549963416462,0.125,0,0,1,0,0.0,1,0.0,0,easy_normal
13,0,526.8890240599902,95.3697522256949,2402.327599834367,1.4270610433807247,-0.04437633959272621,4,0.4555038898906238,0.2222222222222222,1.2730283365896256,0.0,0,0,0,0,0.0,2,0.0,0,easy_normal
8,0,1095.1298226327383,114.79206400764663,9801.896832538598,1.3522093992338284,0.007396485511149994,6,0.3287281494485693,0.16666666666666666,1.3579778549873243,0.16666666666666666,0,0,1,0,0.0,1,0.0,0,easy_normal
13,0,1407.3902812988101,167.3932006720451,21861.184091217157,1.377819508039033,0.0826208109982439,7,0.2984246840275201,0.07692307692307693,1.3038755293363848,0.2857142857142857,0,0,2,0,0.0,1,0.0,0,easy_normal
11,0,1258.6614857073255,189.14104061546868,22900.313885032036,0.9830877585747855,0.13096624658213604,6,0.28601812646844604,0.08333333333333333,1.3579778549873245,0.16666666666666666,0,0,1,0,0.0,2,0.0,0,easy_normal
11,0,1253.3501191040352,164.4473256289616,5200.397953846602,1.4681399390162087,-0.12094568191985264,7,0.3351018949918316,0.09090909090909091,1.0335620542068176,0.2857142857142857,0,0,2,0,0.0,0,0.0,0,easy_normal
8,0,1200.1872218035187,291.2629691409331,3975.7075361712523,1.2130075659799042,-0.006316381442035614,4,0.19996880123365463,0.25,1.2130075659799042,0.0,0,0,0,0,0.0,1,0.0,0,easy_normal
5,1,325.1183684023938,12.282863696748565,61.0073128162601,1.563838630442219,-0.02180783926670033,14,2.583674383356727,0.0,1.7958596823772657,0.6428571428571429,4,4,1,9,0.6428571428571429,10,13.046591470889972,1,A0
11,0,487.018081674518,85.34158027105047,2648.809565308891,1.6769877743224175,-0.0430328164356975,3,0.36959613364067434,0.2222222222222222,1.5229550675313184,0.3333333333333333,0,0,1,0,0.0,2,0.0,0,easy_normal
23,1,445.82637932884666,11.245237534473082,92.41296934483026,1.3408839881571204,0.06688708294965512,28,3.7682830758671026,0.0,1.7405531576425661,0.8571428571428571,14,9,1,20,0.7142857142857143,6,13.585430755695082,1,A0
1,1,528.6658489868854,14.114011766263602,150.31337482821564,1.0648375826833743,0.09258943405944785,24,2.723837756419409,0.0,1.820146066049495,0.6666666666666666,7,8,1,13,0.5416666666666666,10,11.964650910200842,1,A0
11,0,1265.3797593306115,133.06123441709306,15047.07239038633,1.515707952085713,0.011964684028503661,7,0.3319161673821785,0.0,1.0335620542068176,0.14285714285714285,0,0,1,0,0.0,1,0.0,0,easy_normal
21,1,781.2170783289722,13.838359579734044,103.02961380814085,1.5066099998130533,-0.05587810921602209,42,3.225735931669971,0.0,1.6458699126400163,0.30952380952380953,10,3,0,24,0.5714285714285714,9,12.138066042700741,1,A0
8,0,882.2104321891055,203.0871405603343,1062.9494681985634,1.5498260458782016,-0.148533643794152,4,0.2720439378669181,0.0,1.1537419427010902,0.25,0,0,1,0,0.0,1,0.0,0,easy_normal
12,0,1125.5933387572215,123.13043199730294,6292.896244690792,1.7917594692280554,-0.0931111580494128,8,0.4264417560697122,0.0,0.9830877585747855,0.25,0,0,2,0,0.0,1,0.0,0,easy_normal
14,0,1067.253758076613,135.01840130888493,4367.935027683172,1.8462202193216335,-0.113619910049531,7,0.39353339992629033,0.09090909090909091,1.1595888143086257,0.14285714285714285,0,0,1,0,0.0,1,0.0,0,easy_normal
14,0,1201.3973018584086,134.00918552398642,10779.381732228696,1.3316643102930148,0.045841388923867625,7,0.34959292762711675,0.07142857142857142,1.3690391777047681,0.2857142857142857,0,0,2,0,0.0,2,0.0,0,easy_normal
17,0,501.0761254184955,101.39955516034074,975.1755266672299,1.4941751382893085,-0.15169112742433524,3,0.35922685370344715,0.125,1.4941751382893083,0.6666666666666666,0,0,2,0,0.0,1,0.0,0,easy_normal
11,0,238.25599352126056,84.61477998062279,3509.284467531108,1.0114042647073516,0.09452876824746223,2,0.5036599425117585,0.0,1.3296613488547582,1.0,0,0,2,0,0.0,1,0.0,0,easy_normal
12,0,307.95186416301976,91.26001312310122,1131.5589111426252,1.5607104090414063,-0.04004202465496877,3,0.5845069341899285,0.3333333333333333,1.0114042647073516,0.0,0,0,0,0,0.0,0,0.0,0,easy_normal
10,0,512.6987456575479,76.40719561675901,1488.4163090362078,1.4681399390162087,-0.03296448955886219,6,0.7021667266579553,0.18181818181818182,1.294545165844896,0.16666666666666666,0,0,1,0,0.0,1,0.0,0,easy_normal
20,1,767.7508022746694,13.29907804276675,116.09906761796117,1.4407118948517734,-0.016188462867804232,42,3.2823150331250956,0.0,1.7674378949709093,0.40476190476190477,8,7,2,24,0.5714285714285714,10,13.177883418556831,1,A0
11,0,218.74435664289956,67.36078523627256,0.0,1.0397207708399179,-0.07171700118355824,1,0.27429279054704975,0.25,1.3862943611198906,1.0,0,0,1,0,0.0,0,0.0,0,easy_normal
9,0,618.3633904169708,176.85054446915652,1164.1993304613663,1.3296613488547582,-0.13469091731063898,3,0.2910909714086139,0.0,1.242453324894,0.3333333333333333,0,0,1,0,0.0,1,0.0,0,easy_normal
11,0,702.6873576249765,100.64941944680484,2146.5847569466523,1.0397207708399179,-0.314594397616202,5,0.426932399942379,0.0,0.9002560512685369,0.4,0,0,2,0,0.0,0,0.0,0,easy_normal
11,0,655.4415224025945,97.24259563883328,3408.433813593982,1.4241299173467734,0.04393213003213871,6,0.5492480834604124,0.08333333333333333,1.3143738430069454,0.16666666666666666,0,0,1,0,0.0,1,0.0,0,easy_normal
12,0,1456.7189724233685,163.9001021820206,11999.051347169323,1.4944032113796122,-0.01519251246374571,7,0.2883191665316862,0.14285714285714285,1.1709971261162124,0.14285714285714285,0,0,1,0,0.0,0,0.0,0,easy_normal
9,0,549.3394308855175,72.15622345411884,2189.6514659139893,1.7677614722893296,-0.08963563243032276,5,0.5461104430759861,0.09090909090909091,1.4142790651247086,0.4,0,0,2,0,0.0,1,0.0,0,easy_normal
10,0,1133.0562453838356,121.96793167703954,21600.65654394819,1.0913030006468518,0.17057635235386698,7,0.3706788623346057,0.07142857142857142,1.3316643102930148,0.2857142857142857,0,0,2,0,0.0,1,0.0,0,easy_normal
13,0,457.50372874256385,59.915892410228395,727.5598506005805,1.4735023850806486,-0.08391887102886317,6,0.786878832636949,0.16666666666666666,1.3579778549873245,0.16666666666666666,0,0,1,0,0.0,2,0.0,0,easy_normal
9,0,604.7252399394399,97.22966619596039,2004.5834919193105,1.6094379124341003,-0.07573511380001989,5,0.49609306869685715,0.3,1.1682824501765625,0.2,0,0,1,0,0.0,0,0.0,0,easy_normal
10,0,390.2374544537259,125.35809242224146,11731.125449268553,0.7963116401738131,0.25106919674002093,3,0.4612576213423007,0.2857142857142857,1.277034259466139,0.0,0,0,0,0,0.0,1,0.0,0,easy_normal
14,0,367.0308060995251,77.3577564115411,2252.9416385924233,1.3030924037617193,0.06091994646934265,4,0.6538960654297802,0.2222222222222222,1.4270610433807247,0.25,0,0,1,0,0.0,1,0.0,0,easy_normal
14,0,403.205227441553,119.13822338999435,8004.655997453655,1.3862943611198906,-0.07057786203847378,2,0.29761518907240536,0.0,1.0397207708399179,0.5,0,0,1,0,0.0,0,0.0,0,easy_normal
14,0,589.3745247593586,111.92617033182414,1987.8008956694148,1.5229550675313184,-0.09707870072961051,4,0.40721135698559746,0.1111111111111111,1.4270610433807247,0.5,0,0,2,0,0.0,1,0.0,0,easy_normal
13,0,899.3667715798922,134.65716300000122,12349.297466023307,1.4270610433807247,0.020012654023337583,6,0.40028163300674113,0.2222222222222222,0.8486855577264172,0.0,0,0,0,0,0.0,0,0.0,0,easy_normal
13,0,579.3330937710346,113.19446135480258,7930.325600969732,1.3030924037617193,0.09605162559140379,4,0.41426944633488066,0.1111111111111111,1.4270610433807247,0.5,0,0,2,0,0.0,1,0.0,0,easy_normal
8,0,1392.3188722034354,155.3578233486969,15815.426122818944,1.3316643102930148,0.08202029365621905,8,0.34474861296706316,0.14285714285714285,1.252762968495368,0.125,0,0,1,0,0.0,1,0.0,0,easy_normal
11,0,417.8420708940418,161.67591053572914,3458.0483605801674,1.0735428464085233,0.1525371069769233,2,0.2871898460182343,0.25,1.559581156259877,0.5,0,0,1,0,0.0,2,0.0,0,easy_normal
9,0,458.99646045355064,125.21958563744683,2847.523463970085,1.1490596969706202,0.09718595596411592,3,0.39215988685868214,0.2222222222222222,1.5229550675313184,0.3333333333333333,0,0,1,0,0.0,2,0.0,0,easy_normal
12,0,714.6790299550854,101.05291460921643,695.8723118464978,1.6326309271543518,-0.10994870056420267,6,0.5037226291956887,0.25,1.198849312913621,0.0,0,0,0,0,0.0,1,0.0,0,easy_normal
16,0,957.8007348149225,199.72048187233037,8027.8315007250785,1.1569876443452742,0.14828732197217598,4,0.2505740403784255,0.38461538461538464,1.412744636863848,0.5,0,0,2,0,0.0,1,0.0,0,easy_normal
13,0,414.0441245009051,123.98002102032895,62.943009316280715,1.277034259466139,-0.0215728123362525,3,0.43473627410357446,0.42857142857142855,1.0042424730540764,0.0,0,0,0,0,0.0,0,0.0,0,easy_normal
11,0,331.3658583864327,77.67191567297554,1515.1181426899457,1.4941751382893085,-0.041197532663285255,3,0.5432062339690027,0.25,1.4941751382893083,0.3333333333333333,0,0,1,0,0.0,1,0.0,0,easy_normal
16,0,270.537726910551,115.57201291426207,3511.09160499843,0.8675632284814612,0.14580401242555718,2,0.44356105660515177,0.3333333333333333,1.3296613488547582,0.0,0,0,0,0,0.0,1,0.0,0,easy_normal
14,0,1317.1469370000123,127.67028704198654,6399.8338320070825,1.5171063970610277,-0.13040906433014032,7,0.3188710296488326,0.0,1.1187433359857524,0.14285714285714285,0,0,1,0,0.0,2,0.0,0,easy_normal
12,0,836.5014047834932,114.61711177291681,11797.361847530568,1.1685184057430877,0.096178517664677,6,0.4303638917297177,0.0,1.1209503926735833,0.16666666666666666,0,0,1,0,0.0,1,0.0,0,easy_normal
11,0,695.1250328686441,207.14223275364427,15376.606281824075,1.15374194270109,0.11254005998245058,3,0.25894622044781707,0.0,1.277034259466139,0.6666666666666666,0,0,2,0,0.0,1,0.0,0,easy_normal
11,0,225.84003322091633,62.06556151036421,170.83420234954562,1.3862943611198906,-0.0017381715746238148,3,0.7970243248411335,0.375,1.2554823251787535,0.3333333333333333,0,0,1,0,0.0,0,0.0,0,easy_normal
15,0,1948.6065685820715,256.74533543446495,31692.073020624946,1.252762968495368,0.1069752439712531,7,0.21553863502862886,0.14285714285714285,1.3690391777047681,0.2857142857142857,0,0,2,0,0.0,1,0.0,0,easy_normal
9,0,1845.1488225280345,779.7096349787635,1565.892656638358,0.7595473914748635,0.2706788577738823,2,0.06503540448059265,0.36363636363636365,1.515707952085713,1.0,0,0,2,0,0.0,2,0.0,0,easy_normal
11,0,529.9508632768394,73.03805678056344,1115.1123391769634,1.6726254461503207,-0.1047638672352381,6,0.67930826223023,0.09090909090909091,1.294545165844896,0.16666666666666666,0,0,1,0,0.0,2,0.0,0,easy_normal
9,0,786.015882628528,125.12335654021926,2565.470342439817,1.4142790651247086,-0.01078018657989232,6,0.45800601229089466,0.09090909090909091,1.1209503926735835,0.0,0,0,0,0,0.0,1,0.0,0,easy_normal
22,1,677.0882586823652,16.98245556673474,94.06506042399143,1.7720919435183458,-0.03712591517773532,30,2.6584421999915575,0.046875,1.7929921998303304,0.4666666666666667,8,6,0,12,0.4,4,12.448643448771078,1,A0
8,0,537.9049512049609,12.08054735175467,66.80822917933729,1.742085550295998,-0.058565221838971414,29,3.2347722327192305,0.0,1.7093237032678232,0.5517241379310345,10,5,1,19,0.6551724137931034,3,11.470693410801696,1,A0
12,0,1721.4988954924968,265.03887116202486,30270.26425450104,1.6769877743224173,-0.039949059721981026,5,0.17426673974959142,0.1111111111111111,1.303092403761719,0.2,0,0,1,0,0.0,1,0.0,0,easy_normal
15,0,1913.3297558732886,332.5992918531917,47160.651327972024,1.4184836619456564,0.0476396009999826,5,0.15679471825444588,0.1,1.2206072645530175,0.4,0,0,2,0,0.0,0,0.0,0,easy_normal
14,0,1247.5198891599596,166.95726068028094,6776.645453087312,1.5247073930301438,0.009264736855568447,7,0.3366679791236152,0.15384615384615385,1.3038755293363848,0.14285714285714285,0,0,1,0,0.0,2,0.0,0,easy_normal
4,1,390.10674942000253,10.841436826755162,52.12700168171045,1.696118589499354,-0.023243929021406765,27,4.152709488899029,0.0,1.7946378425709528,0.5925925925925926,7,8,1,14,0.5185185185185185,6,11.209941212534924,1,A0
10,0,581.6057909102781,13.64650797210543,95.49961946727394,1.5426834130436449,0.001064687865940679,28,2.8885544577721833,0.0,1.7572957161092728,0.6428571428571429,13,3,2,19,0.6785714285714286,9,15.497225171905828,1,A0
15,0,1032.3025755570113,193.61021108799434,21197.545052031073,1.7478680974667573,-0.09982113358654691,3,0.17436748126185322,0.14285714285714285,1.277034259466139,0.6666666666666666,0,0,2,0,0.0,0,0.0,0,easy_normal
13,0,501.7042122511054,12.894931353148865,78.5586629081132,1.3948463217834284,-0.058273951202939676,27,3.2289942169933035,0.0,1.7662794012465006,0.5185185185185185,3,9,2,16,0.5925925925925926,5,12.616838238035099,1,A0
11,0,1134.3577512246243,218.1422363625514,48522.90428583545,0.9404479886553263,0.24710433697636602,5,0.26446683127622433,0.2,1.2206072645530175,0.0,0,0,0,0,0.0,2,0.0,0,easy_normal
8,0,810.6905350876718,91.46724190640445,2770.795977874789,1.4184836619456564,-0.20977287964282126,7,0.5180768515504862,0.1,0.8018185525433373,0.0,0,0,0,0,0.0,0,0.0,0,easy_normal
13,0,1045.8847483064512,157.69653923233744,25589.2405984127,1.2275294114572126,0.12026838485394625,5,0.28683848816590446,0.1,1.3592367006650063,0.4,0,0,2,0,0.0,1,0.0,0,easy_normal
8,0,993.7848975539359,147.01197234688732,4263.581493361971,1.6434177197931796,-0.10672501030486828,6,0.3622514297471115,0.2,1.0888999753452235,0.16666666666666666,0,0,1,0,0.0,0,0.0,0,easy_normal
9,0,865.5324502827974,90.90799299891569,4717.872255944705,1.5367224694372195,0.022670788717482196,8,0.5545719283467286,0.07142857142857142,1.2153881010836145,0.125,0,0,1,0,0.0,1,0.0,0,easy_normal
11,0,1328.7270289640808,162.00574666391594,2260.043240480931,1.704551445267297,-0.22465089810680014,6,0.2709360102960108,0.08333333333333333,1.3579778549873245,0.3333333333333333,0,0,2,0,0.0,1,0.0,0,easy_normal
8,0,465.27972899525986,73.05946654164694,1121.5322410529543,1.294545165844896,-0.0052176707987473874,6,0.7737280985298793,0.2727272727272727,1.1209503926735833,0.0,0,0,0,0,0.0,1,0.0,0,easy_normal
14,0,1291.6889991469147,205.71798332697585,3685.3451806122007,1.7351264569629226,-0.17180693308447834,6,0.2787048587065145,0.0,0.8486855577264172,0.0,0,0,0,0,0.0,1,0.0,0,easy_normal
13,0,384.0654476464068,71.65977374434584,1663.8602184792594,1.0335620542068176,0.060333632897720195,4,0.6248934952903081,0.18181818181818182,1.515707952085713,0.5,0,0,2,0,0.0,2,0.0,0,easy_normal
10,0,270.3543698371816,42.82272096993864,0.0,1.3321790402101223,-0.1649267525238337,1,0.22193094210437375,0.0,1.3321790402101223,1.0,0,0,1,0,0.0,2,0.0,0,easy_normal
22,1,333.65728871695285,9.832587807627489,80.46579157345933,1.4835032979114215,-0.01889960040509865,15,2.6973785091309224,0.0,1.7424767518838284,0.8666666666666667,8,5,0,10,0.6666666666666666,7,8.082118904605387,1,A0
12,0,451.7210774555476,74.2157956500848,1049.540390926418,1.6769877743224173,-0.09009027785745273,3,0.3984759821567397,0.2222222222222222,1.5229550675313184,0.3333333333333333,0,0,1,0,0.0,2,0.0,0,easy_normal
10,0,401.83392094639544,115.53626043435327,1371.1174925931043,1.5607104090414063,-0.09169697750764863,3,0.44794625495046736,0.0,1.0114042647073518,0.0,0,0,0,0,0.0,2,0.0,0,easy_normal
12,0,1411.015813845827,197.39682583479672,9656.476079839253,1.7351264569629226,-0.0701892754262078,4,0.1700902269449854,0.1111111111111111,1.2730283365896256,0.5,0,0,2,0,0.0,0,0.0,0,easy_normal
16,0,629.333702097867,179.43219906350473,12150.11754502843,1.1490596969706204,0.18628289751403382,3,0.2860167815579792,0.2222222222222222,1.5229550675313184,0.6666666666666666,0,0,2,0,0.0,1,0.0,0,easy_normal
11,0,497.3251776369675,127.82900178397733,5798.960606676895,0.9743147528693494,0.08347156805509043,3,0.3619362302453036,0.25,1.4941751382893083,0.3333333333333333,0,0,1,0,0.0,1,0.0,0,easy_normal
13,0,1634.832762800041,172.4819359010711,7490.120076013209,1.7782333057997077,-0.1328607012646717,8,0.293608013567018,0.0,1.072016968563193,0.125,0,0,1,0,0.0,2,0.0,0,easy_normal
15,0,725.7114383249434,13.405401173259904,74.69940501465364,1.6857643727706881,-0.15973365439725706,23,1.901582264136911,0.0,1.844321496246093,1.0434782608695652,14,8,2,14,0.6086956521739131,8,13.511880599898065,1,A0
9,0,662.6346190844786,151.1775468097109,6083.8416456097875,1.3862943611198906,0.03692147530786212,4,0.3621905543232758,0.125,1.2130075659799042,0.5,0,0,2,0,0.0,0,0.0,0,easy_normal
13,0,1173.3920709492684,115.94241725788845,9161.750868018671,1.299741799542741,0.059031210196427555,7,0.3579366269794393,0.17647058823529413,1.430349831409688,0.2857142857142857,0,0,2,0,0.0,1,0.0,0,easy_normal
9,0,1191.784163382794,133.11967127228536,13544.712128139174,1.4844575358174863,0.07346812980797683,8,0.40275749145512585,0.15384615384615385,1.1786549963416462,0.125,0,0,1,0,0.0,1,0.0,0,easy_normal
9,0,877.8522762620137,123.07282082374127,2447.2796633407947,2.0253262207700677,-0.17990441129543924,6,0.41009177709593403,0.1,1.0888999753452235,0.0,0,0,0,0,0.0,1,0.0,0,easy_normal
12,0,646.443745202175,87.22317434929037,3872.4690040277906,1.540305825226517,0.029917858478367573,7,0.649708506141776,0.09090909090909091,1.0335620542068176,0.0,0,0,0,0,0.0,2,0.0,0,easy_normal
21,1,1188.9761089094552,19.778673137956584,240.4882068029104,1.4558648700642396,-0.04186664222630433,37,1.8671527403828272,0.024691358024691357,1.7717040996457325,0.5675675675675675,14,7,0,17,0.4594594594594595,5,16.399601919402876,1,A0
17,0,462.16076056592806,13.486165789986831,150.4926538029539,1.3061033117684893,0.08636483557651493,23,2.9859739678248616,0.03571428571428571,1.827585536757736,0.6521739130434783,11,4,0,13,0.5652173913043478,7,12.204807202314962,1,A0
11,0,90.60823474922891,80.2072051411869,0.0,0.5004024235381879,0.26400044013725005,1,0.6621914682043909,0.4,1.3321790402101223,0.0,0,0,0,0,0.0,1,0.0,0,easy_normal
10,0,363.8198453971164,14.800264645969621,81.69089999447952,1.6421348097004593,-0.05272943738350761,13,2.1439182327962754,0.05,1.9419752731659417,1.0,6,6,1,9,0.6923076923076923,7,15.11749980629958,1,A0
19,1,1290.979812859371,16.10009193740158,119.63913356191722,1.6162406572658916,-0.0687137614757985,49,2.2773400255486878,0.009900990099009901,1.691032467393063,0.3877551020408163,13,5,1,31,0.6326530612244898,6,15.219430591138611,1,A0
14,0,637.2178734280234,255.2679996144781,45221.04104423262,0.7356219397587946,0.30365819920747034,2,0.18831863480922048,0.125,1.559581156259877,1.0,0,0,2,0,0.0,2,0.0,0,easy_normal
0,1,285.1771146925511,7.233444181671878,34.18551146201882,1.511736972197178,-0.04361886482273439,20,4.207911288020842,0.08695652173913043,1.890508864787326,0.6,9,2,1,11,0.55,6,7.0964442676841974,1,A0
12,0,1109.2244856522761,252.62198993922982,10395.453359902622,1.7917594692280547,-0.17862220536796178,4,0.21636738379325327,0.0,0.8675632284814612,0.0,0,0,0,0,0.0,1,0.0,0,easy_normal
15,0,577.6838838958008,109.52185477984116,6922.911459987786,1.6674619334292948,0.010036545090245519,4,0.4154521299460204,0.0,1.2130075659799042,0.25,0,0,1,0,0.0,2,0.0,0,easy_normal
14,0,450.5571108672283,186.7106758567269,5101.356451174251,0.9404479886553263,0.27219778197570116,2,0.2663369351091254,0.5,1.2206072645530175,0.0,0,0,0,0,0.0,2,0.0,0,easy_normal
11,0,831.6904274901159,206.1644125206259,14338.24349814569,1.5498260458782016,-0.02447881492109107,3,0.21642668239335866,0.2857142857142857,1.277034259466139,0.3333333333333333,0,0,1,0,0.0,0,0.0,0,easy_normal
16,0,617.5891084396321,73.32018930588752,1587.8118348482974,1.6326309271543518,-0.09860690382985533,7,0.6800638065997467,0.16666666666666666,1.1187433359857524,0.0,0,0,0,0,0.0,2,0.0,0,easy_normal
15,0,474.7141896974573,113.28721181380705,547.0726083647372,1.5498260458782016,-0.16350069412488155,3,0.3791755205689486,0.0,1.277034259466139,0.3333333333333333,0,0,1,0,0.0,2,0.0,0,easy_normal
11,0,151.18008056899058,57.52111226203691,217.18796113960173,1.3862943611198906,-0.2492823355672722,2,0.7937553647832484,0.0,1.0397207708399179,0.5,0,0,1,0,0.0,0,0.0,0,easy_normal
13,0,1594.6297080459378,158.62372069387044,13776.95285595718,1.6792043316027068,0.010821186584672682,7,0.2633840307131044,0.13333333333333333,1.3953970923267898,0.14285714285714285,0,0,1,0,0.0,2,0.0,0,easy_normal
16,0,623.8363567869768,155.51004848864605,10238.216691674914,1.1490596969706204,0.14771509453696482,2,0.19235813798678095,0.2222222222222222,1.5810937501718236,1.0,0,0,2,0,0.0,2,0.0,0,easy_normal
11,0,1711.1842840175766,194.57346709428097,21595.418693451604,1.1185405956431655,0.1454204930695143,8,0.2805074850693694,0.23529411764705882,1.334592953237241,0.125,0,0,1,0,0.0,1,0.0,0,easy_normal
12,0,913.8870305194365,180.53232053641068,35005.75200146778,1.2130075659799042,0.19872555551681245,5,0.32826814472844146,0.0,0.9002560512685369,0.0,0,0,0,0,0.0,2,0.0,0,easy_normal
16,0,1203.426140543292,23.697441321573017,235.58354570834564,1.5098570785953194,-0.026940346034360924,40,1.9943060227331524,0.0,1.6306416803877415,0.425,14,3,0,21,0.525,5,23.843328928368607,1,A0
